anio,codigo,descripcion,total,ENE,FEB,MAR,ABR,MAY,JUN,JUL,AGO,SEP,OCT,NOV,DIC,fuente,categoria
2016,1111,Expediente Infraccion de Transito,7180,412,424,397,198,1013,256,217,419,189,317,1554,1784,infracciones_2016,otras
2016,1149,Otras infracciones de transito,1426,76,98,63,47,96,87,35,76,67,166,210,405,infracciones_2016,otras
2016,1198,Conducir ebrio,4,0,0,2,1,0,0,0,0,0,0,1,0,infracciones_2016,alcohol
2016,6100,Conducir sin portar la licencia,1600,189,153,138,100,161,149,110,132,107,95,96,170,infracciones_2016,documentacion
2016,6105,Falta de licencia o documentación o inhabilitado (transporte público),158,16,34,29,6,10,12,7,4,5,10,12,13,infracciones_2016,otras
2016,6110,Permitir conducir sin Licencia o Inhabilitado (titular/transporte),28,5,4,2,1,3,0,2,3,3,1,4,0,infracciones_2016,otras
2016,6120,Conducir con Licencia Vencida o Caduca,1654,177,147,116,96,132,158,101,162,124,152,140,149,infracciones_2016,documentacion
2016,6121,"Permitir conducir con licencia o documentación vencida (titular, mandataria o responsable)",17,2,2,2,2,0,2,0,3,1,0,2,1,infracciones_2016,otras
2016,6122,Licencia o documentación habilitante vencida (transporte público),60,8,3,4,1,4,4,5,8,5,1,11,6,infracciones_2016,otras
2016,6130,Conducir sin anteojos o lentes contacto segun Licencia,32,4,0,2,2,5,4,3,1,1,4,3,3,infracciones_2016,otras
2016,6140,Conducir c/licencia conductor No Correspondiente,237,13,21,16,10,9,19,17,17,29,21,22,43,infracciones_2016,otras
2016,6150,Permitir Conducir c/licencia conductor No Correspondiente(titular/transporte),14,0,3,1,0,0,2,0,0,1,0,3,4,infracciones_2016,otras
2016,6160,Permitir o Facilitar manejo persona sin edad s/tipo vehiculo,17,1,2,1,1,0,4,2,1,3,0,1,1,infracciones_2016,otras
2016,6161,Exhibición de documentación (no exhibir ced verde vigente a nombre del tit  o ced azul de conductor),3199,260,289,288,227,265,244,231,311,271,252,268,293,infracciones_2016,documentacion
2016,6162,"Exceso de Velocidad + de 140 Km/h (taxis, pasajeros, escolares o remises)",5,0,0,1,0,0,0,0,0,0,0,2,2,infracciones_2016,otras
2016,6163,"Exceso de Velocidad mas de 20Km/h en Calle o Avenida (taxis, pasajeros, escolares, remises)",4087,3,72,764,1781,274,111,313,105,88,75,220,281,infracciones_2016,otras
2016,6164,"Exceso de Velocidad en màs de 40Km/h en vías rápidas (taxis, pasajeros, escolares o remises)",95,0,0,0,0,7,3,18,29,5,6,24,3,infracciones_2016,otras
2016,6165,Trans de sustancias peligrosas (no exhibir corresp insc en Reg de Transportistas segun norm vigente),1,0,0,0,0,0,0,1,0,0,0,0,0,infracciones_2016,otras
2016,6166,Vehiculo Transporte de sustancias alimenticias sin habilitaciòn,6,2,1,0,1,0,0,0,0,0,0,0,2,infracciones_2016,otras
2016,6167,"Obstruccion de via (en carriles exclusivos y/o, metrobus y premetro)",1057,81,68,176,128,130,139,86,70,38,53,38,50,infracciones_2016,otras
2016,6168,"Titular o responsable vehiculo transporte de escolares que dañe, altere o retire disp de alcoholemia",6,1,0,1,1,1,1,0,0,0,1,0,0,infracciones_2016,alcohol
2016,6169,"Conductor que dañe, altere o retire dispositivo",7,2,1,0,0,0,2,0,0,0,1,1,0,infracciones_2016,otras
2016,6170,No exhibir documentacion segun reglamentacion,1,0,0,0,1,0,0,0,0,0,0,0,0,infracciones_2016,otras
2016,6180,No exhibir documentacion sobre transporte de sustancias peligrosas,26,0,1,1,0,5,2,1,4,0,0,4,8,infracciones_2016,otras
2016,6181,Conductor vehiculo con taximetro que se negara sin justificacion a transportar pasajero,5,1,1,0,0,1,0,0,1,0,0,1,0,infracciones_2016,otras
2016,6182,Cond vehiculo con taximetro que se negara a interrumpir func del mecanismo y/o disp de publicidad,2,0,1,0,0,0,0,0,0,1,0,0,0,infracciones_2016,otras
2016,6183,Cond vehiculo con taximetro que no porte ficha identif del titular de la licencia o la del conductor,13,1,2,2,0,3,0,1,1,1,0,0,2,infracciones_2016,otras
2016,6184,Titular vehiculo de carga exceda peso maximo por eje,1,0,0,0,0,1,0,0,0,0,0,0,0,infracciones_2016,otras
2016,6185,Carga y descarga (propietario y/o responsable del comercio),49,1,0,3,2,2,1,4,5,10,8,11,2,infracciones_2016,otras
2016,6186,"Violacion de semaforo (taxis, escolares , pasajeros, remises. Prestando servicio)",3112,160,145,172,132,204,189,176,347,338,328,420,501,infracciones_2016,otras
2016,6187,"Negativa de someterse a control (taxis, escolares , pasajeros, remises. Prestando servicio)",10,0,0,1,0,3,0,2,1,0,1,1,1,infracciones_2016,alcohol
2016,6190,Falta poliza seguro contra terceros,1506,119,98,121,103,128,114,127,141,143,140,119,153,infracciones_2016,otras
2016,6191,Falta poliza seguro contra terceros (no cuente),1179,97,115,104,83,81,97,82,117,88,92,76,147,infracciones_2016,otras
2016,6200,Placas dominio. Falta/antirreglamentarias/mal estado,10027,864,587,834,667,803,735,564,756,755,989,987,1486,infracciones_2016,otras
2016,6210,Placas dominio(Motos). Falta/antirreglamentarias/mal estado,1,0,0,0,0,0,1,0,0,0,0,0,0,infracciones_2016,otras
2016,6220,Circular con Placas de OTRO dominio.,2,0,0,1,0,0,0,1,0,0,0,0,0,infracciones_2016,otras
2016,6230,Circular con equipo Antiradar o Antifoto,4,0,0,0,0,0,0,0,0,0,0,1,3,infracciones_2016,otras
2016,6240,Revision tecnica No porte certificado,27,5,2,3,0,1,4,2,2,1,2,3,2,infracciones_2016,otras
2016,6241,Revision tecnica (no realizarla o certificado vencido),42,9,3,4,2,6,6,1,4,1,4,2,0,infracciones_2016,otras
2016,6242,Incumplimiento grabado de autopartes (Titular/Tomador),1,0,0,1,0,0,0,0,0,0,0,0,0,infracciones_2016,otras
2016,6250,Frenos/Luces/elementos seguridad Falta o Deficientes,112,14,10,11,5,12,3,3,12,12,5,14,11,infracciones_2016,otras
2016,6270,No uso cinturon de seguridad,14396,1133,1518,1862,998,1205,878,877,937,1169,919,1166,1734,infracciones_2016,otras
2016,6271,Menores de edad en asiento trasero SIN dispositivo retencion infantil o SIN acompañante mayor,176,7,16,8,2,7,7,9,11,27,30,18,34,infracciones_2016,otras
2016,6272,Sistemas o dispositivos de retencion infantil,1,0,0,0,0,0,0,0,0,0,1,0,0,infracciones_2016,otras
2016,6280,"Limitador de velocidad, Falta / Funciona incorrectamente",7,1,1,0,0,0,0,0,0,0,0,3,2,infracciones_2016,otras
2016,6290,"Dispositivo control gases, Falta /Mal funcionamiento",247,6,34,5,7,51,19,25,30,17,8,20,25,infracciones_2016,otras
2016,6310,Verter liquido combustible o aguas servidas,21,2,0,2,1,3,0,1,0,4,4,1,3,infracciones_2016,otras
2016,6330,Dispositivo de control de ruido y silenciador Falta /Mal funcionamiento,850,28,23,50,14,151,14,60,125,71,92,39,183,infracciones_2016,otras
2016,6350,Uso indebido e bocina,709,51,46,76,43,91,65,35,59,48,69,56,70,infracciones_2016,otras
2016,6370,Colocacion Bocinas o sirenas antirreglamentarias,21,1,1,2,1,2,2,1,3,3,1,1,3,infracciones_2016,otras
2016,6390,Uso Paragolpe antirreglamentario,32,1,2,0,2,2,4,0,6,2,3,4,6,infracciones_2016,otras
2016,6410,Falta Paragolpe,60,2,5,10,2,6,7,2,3,7,4,6,6,infracciones_2016,otras
2016,6430,Uso de Vidrios tonalizados antirreglamentarios,372,30,53,29,28,42,25,21,54,17,21,14,38,infracciones_2016,otras
2016,6450,"Falta/sin vision, Espejos Retrovisores",1012,99,141,141,66,62,60,68,119,86,41,61,68,infracciones_2016,otras
2016,6470,Falta Tapa Combustible,35,1,2,4,0,3,2,7,1,8,4,2,1,infracciones_2016,otras
2016,6490,Conducir utilizando Celular / Auriculares / Reproductor de video,79121,4795,4504,6691,4001,6311,5661,4493,6825,7003,7454,7887,13496,infracciones_2016,otras
2016,6492,Conductor redactando/enviando mensaje de texto,9811,567,714,998,655,865,810,469,764,774,896,944,1355,infracciones_2016,otras
2016,6501,Permitir Viajar personas impedidas en asiento delantero,9352,503,517,707,333,567,595,510,769,1032,1003,1098,1718,infracciones_2016,velocidad
2016,6519,No respetar limites de velocidad minimos,5,0,0,1,1,0,0,1,1,0,0,1,0,infracciones_2016,velocidad
2016,6525,Exceso Velocidad hasta 10Km/h de la Máxima permitida para el tipo de arteria,179175,9892,18879,12663,37085,6092,3338,16704,9538,9346,7288,28916,19434,infracciones_2016,velocidad
2016,6526,Exceso Velocidad más de 10Km/h y hasta 20Km/h de la Máxima permitida para el tipo de arteria,138215,10647,14393,12881,28399,7136,3070,11430,7516,6667,4549,17899,13628,infracciones_2016,velocidad
2016,6527,Exceso Velocidad hasta 20Km/h de la Máxima permitida en vías rápidas,1123034,63416,110576,103439,113502,46254,35707,140531,119902,82333,78415,151684,77275,infracciones_2016,velocidad
2016,6528,Exceso Velocidad más de 20Km/h y hasta 40Km/h de la Máxima permitida en vías rápidas,253002,20626,34498,34789,30559,11340,8012,29434,23448,12540,12283,24860,10613,infracciones_2016,velocidad
2016,6529,Exceso Velocidad más 20Km de la Máxima permitida para el tipo de arteria y hasta 140 km/h,96765,12188,14579,15627,28556,5830,1941,5322,2264,1311,840,4194,4113,infracciones_2016,velocidad
2016,6530,Exceso Velocidad más de 40Km/h de la Máxima permitida en vías rápidas y hasta 140 km/h,15263,1815,2655,2686,1458,522,524,1897,1601,373,358,1098,276,infracciones_2016,velocidad
2016,6531,Exceso Velocidad más de 140Km/h,5547,249,509,430,747,212,227,729,366,615,323,717,423,infracciones_2016,velocidad
2016,6540,Circulación en sentido contrario,2135,153,142,110,96,260,184,114,226,155,231,142,322,infracciones_2016,velocidad
2016,6560,Invasión parcial de vías,653,30,32,25,14,42,48,42,72,59,75,74,140,infracciones_2016,velocidad
2016,6580,No respetar carriles/Maniobras Peligrosas,3946,271,198,278,146,312,293,180,381,343,452,324,768,infracciones_2016,velocidad
2016,6600,Girar a izquierda/derecha en lugar prohibido,22192,1798,1228,1499,792,1820,1706,1558,2081,1780,1993,2223,3714,infracciones_2016,otras
2016,6620,No respetar paso o cartel PARE en bocacalle,97,9,2,7,5,6,14,6,15,6,8,6,13,infracciones_2016,otras
2016,6640,Marcha atras en forma indebida,244,12,15,8,25,29,32,7,17,16,27,15,41,infracciones_2016,otras
2016,6660,Forzar barrera/evadir pago peaje autopista,93455,9983,12810,10480,1120,4643,18562,9285,3359,7965,1049,1127,13072,infracciones_2016,peajes
2016,6670,Infrigir normas Transporte Sustancias Peligrosas,4,0,0,0,1,1,0,0,0,0,1,1,0,infracciones_2016,otras
2016,6680,Obstruccion de Bocacalle,1120,158,32,28,59,167,93,77,152,90,106,63,95,infracciones_2016,otras
2016,6700,No ceder Paso a Polic/Bombe/Ambula/Serv.Pub.o Urgen.,73,6,4,2,4,14,5,3,7,4,7,3,14,infracciones_2016,otras
2016,6720,Interrumpir Filas Escolares,9,0,2,1,1,0,3,1,0,1,0,0,0,infracciones_2016,otras
2016,6740,No respetar Senda Peatonal/Paso Peaton,22446,2884,5478,348,198,3510,1718,3633,1315,2018,623,329,392,infracciones_2016,otras
2016,6760,Circular por Zona/Carril o c/peso/poten./tamaño Prohibido,104848,781,6143,7853,27915,12505,18579,17105,3681,4438,3668,904,1276,infracciones_2016,carriles
2016,6761,"Carriles o vías prohíbidas (tránsito rápido,diferenciado,metrobus)",6848,1098,317,491,218,423,633,581,669,544,582,651,641,infracciones_2016,carriles
2016,6762,"Carriles o vías prohíbidas (ciclovía,contramano en contracarril)",312,29,19,15,12,15,12,11,31,23,28,51,66,infracciones_2016,otras
2016,6780,Prohibición circular según DIA/HORA/CARACTERISTICA vehíc.,210821,67,166,14032,53609,23276,24857,16983,15169,18715,27661,16226,60,infracciones_2016,otras
2016,6800,Nro.ocupantes mayor a capacidad vehiculo,363,37,34,39,21,40,18,13,22,18,24,35,62,infracciones_2016,otras
2016,6820,No respetar lugar asc/desc-acercar a acera/puertas abiertas etc(pasajeros),517,75,102,43,10,57,21,39,41,26,20,52,31,infracciones_2016,otras
2016,6830,Ocupar lugar no destinado para viajar,18,0,1,1,1,1,0,2,0,8,1,1,2,infracciones_2016,otras
2016,6840,No cumplir norma uso radio/reproductor sonido/fumar/trato al pasajero,78,5,12,5,4,4,2,2,5,5,2,27,5,infracciones_2016,otras
2016,6850,No cumplir norma horario/ropa/requisito vehiculo Tte. pasajero,16,0,1,0,7,3,0,1,0,0,1,1,2,infracciones_2016,otras
2016,6860,No Cumplir Normas s/requisitos Vehículos  Escolares c/habilitación,3,1,0,0,0,1,0,0,0,0,0,1,0,infracciones_2016,otras
2016,6862,Conducir sin poseer la licencia,1408,108,125,116,92,118,96,101,159,119,114,106,154,infracciones_2016,otras
2016,6870,No Cumplir Normas s/requisitos Vehículos de Transporte c/habilitación,77,2,4,4,4,10,8,7,10,8,5,11,4,infracciones_2016,otras
2016,6871,Servicio de Taxis Sin Habilitación,31,3,2,1,5,3,4,1,0,4,1,4,3,infracciones_2016,otras
2016,6872,Servicio de radio taxis que incumpla la normativa legal vigente,9,0,0,0,1,1,3,1,0,0,2,0,1,infracciones_2016,otras
2016,6874,Radio taxi con IRA vencido y/o que a su baja no hubiere eliminado las señales que lo identificaban,3,0,0,1,1,0,0,0,0,0,0,1,0,infracciones_2016,otras
2016,6875,"Servicio de radio taxi, titular o mandataria que realice promociones o cobre tarifa no autorizada",3,1,0,1,0,0,0,0,0,0,0,0,1,infracciones_2016,otras
2016,6876,No aplicación de la tarifa de taxi vigente,3,0,0,1,1,1,0,0,0,0,0,0,0,infracciones_2016,otras
2016,6877,No Cumplir Normas/requisitos Vehículos de Transporte sin habilitación,514,3,32,27,30,41,55,60,70,41,39,60,56,infracciones_2016,otras
2016,6880,No cumplir norma  Peso/dimen/permisos/carga descubierta/seguro(carga),19,3,2,0,1,1,1,0,1,0,2,3,5,infracciones_2016,otras
2016,6881,"Transporte de carga (transp.Explosivos, inflamables, animales, etc.)",4,1,0,1,0,1,0,0,0,0,0,0,1,infracciones_2016,otras
2016,6890,Carga y descarga fuera de hora/lugar prohibido,816,84,71,50,67,95,70,30,70,82,64,62,71,infracciones_2016,otras
2016,6900,Estac. lugar prohib./forma indebida/antirreglamentaria,1122415,77999,111612,72433,168573,91859,74483,100230,92536,71971,89689,94402,76628,infracciones_2016,estacionamiento
2016,6906,Detención en Zona Exclusiva de Motos,865,15,0,0,0,37,97,47,157,18,110,169,215,infracciones_2016,estacionamiento
2016,6910,Estac. lugar reservado(rampa/discap/paradas/garage/otros),52238,3913,3883,3031,3357,6024,5018,2602,5524,4785,4645,3383,6073,infracciones_2016,estacionamiento
2016,6920,Estac. lugar sin ticket/hora vencida,30332,1233,2136,1103,1786,2733,2380,1446,4059,3644,3219,2056,4537,infracciones_2016,estacionamiento
2016,6930,Estac. sobre vereda/parte de vereda(Particular/Moto),1,0,0,0,0,0,0,0,0,0,0,0,1,infracciones_2016,estacionamiento
2016,6935,Estacionamiento en areas peatonales,36816,1313,1958,1301,3437,2154,1849,1513,2335,2334,4911,6494,7217,infracciones_2016,estacionamiento
2016,6950,Enseñar conduccion en lugar no autorizado,26,1,4,3,2,1,0,5,2,1,2,1,4,infracciones_2016,estacionamiento
2016,6960,Enseñar conduccion (por Academia) en lugar no autorizado,20,2,3,0,0,1,1,1,1,0,7,2,2,infracciones_2016,estacionamiento
2016,6970,Peaton: No respetar lugar cruce calles/aven./semaforos,116,26,12,12,10,14,4,2,4,7,12,6,7,infracciones_2016,estacionamiento
2016,6980,No respetar indicaciones Autoridad dirige Transito,9063,673,627,632,467,822,771,506,851,653,789,738,1534,infracciones_2016,estacionamiento
2016,7001,Infraccion regimen motovehiculos,11955,983,1004,1106,689,886,862,635,827,888,1067,1044,1964,infracciones_2016,alcohol_otros
2016,7010,Circular sin utilizar Antiparras (Moto/Ciclomotor/motoneta),45,0,3,8,3,3,6,8,5,5,3,0,1,infracciones_2016,alcohol_otros
2016,7021,Infraccion regimen ciclorodados,136,11,33,37,6,8,7,3,8,4,7,7,5,infracciones_2016,alcohol_otros
2016,7030,Incumplir Normas Tte.Privado pasajeros/Alquiler auto s/chofer,13,0,1,3,1,1,0,1,2,0,1,2,1,infracciones_2016,alcohol_otros
2016,7045,Obstruccion de estacionamiento y/o circulacion,164,2,4,3,8,23,10,2,15,12,28,26,31,infracciones_2016,alcohol_otros
2016,7050,Violar Luz Roja,58191,4253,4605,3754,2658,5588,4430,3752,5278,5000,5113,5318,8442,infracciones_2016,alcohol_otros
2016,7062,Negarse a someterse al control de alcoholemia/estupefac/otra sustancia similar (conductor/acompaña),141,11,14,11,8,11,12,8,19,11,13,11,12,infracciones_2016,alcohol
2016,7063,Contribución a conducción peligrosa.,14,3,1,0,1,2,0,1,1,2,1,1,1,infracciones_2016,alcohol_otros
2016,7064,Utilizar en infraccion cartel/credencial/documento sobre franquicia transito/estacionamiento,233,19,17,18,13,27,16,12,25,17,28,18,23,infracciones_2016,alcohol_otros
2016,7065,Uso indebido de luces,1865,270,123,503,162,153,28,38,59,57,62,148,262,infracciones_2016,alcohol_otros
2016,7066,Utilizacion de luces prohibidas,16,2,1,2,2,1,1,0,1,1,0,5,0,infracciones_2016,alcohol_otros
2016,7551,Alteraciones en el reloj taxímetro (titular y/o mandataria),2,1,0,0,0,0,0,0,1,0,0,0,0,infracciones_2016,alcohol_otros
2016,7552,Alteraciones con dispositivos mecánicos electrónicos a fin de incrementar la tarifa,2,0,0,0,2,0,0,0,0,0,0,0,0,infracciones_2016,alcohol_otros
2016,8880,Incumplimiento de identificacion de conductor,2070,309,451,447,508,94,25,104,48,39,20,25,0,infracciones_2016,otras
2016,8885,"Paradas, otras señales y simbolos",26,0,14,5,0,2,0,0,2,0,0,1,2,infracciones_2016,otras
2016,8886,Conductores principiantes,8,0,1,2,0,0,0,0,0,2,1,0,2,infracciones_2016,otras
2016,8900,No respetar límite velocidad Ley Nacional 24449,1,0,0,0,0,0,0,0,1,0,0,0,0,infracciones_2016,otras
2016,8910,Violación de Barreras Ferroviarias - Particular,115,22,21,19,7,7,3,10,1,5,8,5,7,infracciones_2016,otras
2016,8911,Violación de Barreras Ferroviarias - Transporte,6,0,1,0,0,0,1,0,2,0,2,0,0,infracciones_2016,otras
2016,8919,Asignación de viajes de radio taxi sin autorización,8,0,0,2,1,5,0,0,0,0,0,0,0,infracciones_2016,otras
2017,1111,Expediente Infraccion de Transito,13170,609,790,351,612,1141,473,1213,2625,1751,1263,897,1445,infracciones_2017,otras
2017,1131,Cruzar vias con barreras totalmente bajas,57,0,0,0,0,0,0,0,0,0,1,11,45,infracciones_2017,otras
2017,1149,Otras infracciones de transito,2284,95,134,213,79,256,148,176,654,240,114,79,96,infracciones_2017,otras
2017,6100,Conducir sin portar la licencia,3267,260,227,437,368,374,251,230,218,168,235,263,236,infracciones_2017,documentacion
2017,6105,Falta de licencia o documentación o inhabilitado (transporte público),202,19,15,13,5,15,11,8,16,7,21,43,29,infracciones_2017,otras
2017,6110,Permitir conducir sin Licencia o Inhabilitado (titular/transporte),54,1,3,7,1,4,5,2,2,2,6,8,13,infracciones_2017,otras
2017,6120,Conducir con Licencia Vencida o Caduca,3114,167,83,425,238,356,281,291,251,280,298,241,203,infracciones_2017,documentacion
2017,6121,"Permitir conducir con licencia o documentación vencida (titular, mandataria o responsable)",114,1,2,4,2,0,1,1,4,0,20,39,40,infracciones_2017,otras
2017,6122,Licencia o documentación habilitante vencida (transporte público),106,4,5,7,6,2,6,5,2,6,11,27,25,infracciones_2017,otras
2017,6130,Conducir sin anteojos o lentes contacto segun Licencia,66,3,4,8,4,7,5,6,5,3,7,7,7,infracciones_2017,otras
2017,6140,Conducir c/licencia conductor No Correspondiente,880,26,23,100,48,70,79,52,43,69,111,133,126,infracciones_2017,otras
2017,6150,Permitir Conducir c/licencia conductor No Correspondiente(titular/transporte),32,1,3,2,2,5,4,1,1,3,1,7,2,infracciones_2017,otras
2017,6160,Permitir o Facilitar manejo persona sin edad s/tipo vehiculo,25,0,3,3,1,5,2,3,4,3,1,0,0,infracciones_2017,otras
2017,6161,Exhibición de documentación (no exhibir ced verde vigente a nombre del tit  o ced azul de conductor),5786,293,244,875,626,639,438,431,387,406,480,547,420,infracciones_2017,documentacion
2017,6162,"Exceso de Velocidad + de 140 Km/h (taxis, pasajeros, escolares o remises)",11,2,2,0,1,0,1,1,1,0,2,1,0,infracciones_2017,otras
2017,6163,"Exceso de Velocidad mas de 20Km/h en Calle o Avenida (taxis, pasajeros, escolares, remises)",2260,318,242,235,222,149,194,217,107,186,169,64,157,infracciones_2017,otras
2017,6164,"Exceso de Velocidad en màs de 40Km/h en vías rápidas (taxis, pasajeros, escolares o remises)",104,18,6,15,9,14,16,5,3,0,1,11,6,infracciones_2017,otras
2017,6165,Trans de sustancias peligrosas (no exhibir corresp insc en Reg de Transportistas segun norm vigente),1,0,0,0,0,0,0,0,1,0,0,0,0,infracciones_2017,otras
2017,6167,"Obstruccion de via (en carriles exclusivos y/o, metrobus y premetro)",29825,32,31,51,48,215,88,157,110,60,28211,484,338,infracciones_2017,otras
2017,6168,"Titular o responsable vehiculo transporte de escolares que dañe, altere o retire disp de alcoholemia",9,0,1,0,0,0,1,4,0,1,0,1,1,infracciones_2017,alcohol
2017,6169,"Conductor que dañe, altere o retire dispositivo",7,0,0,0,0,4,0,0,1,1,0,1,0,infracciones_2017,otras
2017,6170,No exhibir documentacion segun reglamentacion,4,0,0,1,1,1,0,1,0,0,0,0,0,infracciones_2017,otras
2017,6180,No exhibir documentacion sobre transporte de sustancias peligrosas,48,4,1,2,2,6,2,1,11,8,5,6,0,infracciones_2017,otras
2017,6181,Conductor vehiculo con taximetro que se negara sin justificacion a transportar pasajero,11,0,1,0,1,2,1,0,4,1,0,0,1,infracciones_2017,otras
2017,6182,Cond vehiculo con taximetro que se negara a interrumpir func del mecanismo y/o disp de publicidad,6,1,0,2,0,0,0,1,0,2,0,0,0,infracciones_2017,otras
2017,6183,Cond vehiculo con taximetro que no porte ficha identif del titular de la licencia o la del conductor,12,0,1,2,1,0,1,1,0,0,3,3,0,infracciones_2017,otras
2017,6184,Titular vehiculo de carga exceda peso maximo por eje,6,0,0,1,0,1,0,0,2,0,0,1,1,infracciones_2017,otras
2017,6185,Carga y descarga (propietario y/o responsable del comercio),95,5,5,6,11,12,5,10,14,4,9,7,7,infracciones_2017,otras
2017,6186,"Violacion de semaforo (taxis, escolares , pasajeros, remises. Prestando servicio)",7095,511,310,620,400,704,374,533,1109,599,541,705,689,infracciones_2017,otras
2017,6187,"Negativa de someterse a control (taxis, escolares , pasajeros, remises. Prestando servicio)",14,0,1,1,0,0,0,0,1,2,1,6,2,infracciones_2017,alcohol
2017,6190,Falta poliza seguro contra terceros,3284,141,119,619,370,373,292,215,189,169,239,307,251,infracciones_2017,otras
2017,6191,Falta poliza seguro contra terceros (no cuente),2788,127,114,430,256,286,213,206,193,223,280,269,191,infracciones_2017,otras
2017,6200,Placas dominio. Falta/antirreglamentarias/mal estado,17709,831,918,1413,1114,1570,1060,1201,2173,1286,1389,2595,2159,infracciones_2017,otras
2017,6220,Circular con Placas de OTRO dominio.,12,0,0,1,0,0,0,0,2,1,3,2,3,infracciones_2017,otras
2017,6230,Circular con equipo Antiradar o Antifoto,38,1,2,3,1,6,2,1,8,3,6,2,3,infracciones_2017,otras
2017,6240,Revision tecnica No porte certificado,420,0,23,13,9,25,30,30,109,65,43,44,29,infracciones_2017,otras
2017,6241,Revision tecnica (no realizarla o certificado vencido),2505,3,11,56,18,55,77,195,444,542,340,457,307,infracciones_2017,otras
2017,6242,Incumplimiento grabado de autopartes (Titular/Tomador),25863,0,25844,1,1,1,0,0,1,9,0,3,3,infracciones_2017,otras
2017,6243,Incumplimiento grabado de autopartes (Gestor/Mandat/Concesionaria/Intermediario),1,0,1,0,0,0,0,0,0,0,0,0,0,infracciones_2017,otras
2017,6250,Frenos/Luces/elementos seguridad Falta o Deficientes,287,5,6,18,4,8,15,11,19,16,15,130,40,infracciones_2017,otras
2017,6270,No uso cinturon de seguridad,17735,764,763,1069,575,1375,723,929,1602,726,1183,4818,3208,infracciones_2017,otras
2017,6271,Menores de edad en asiento trasero SIN dispositivo retencion infantil o SIN acompañante mayor,1222,27,23,38,24,46,17,40,114,87,70,462,274,infracciones_2017,otras
2017,6272,Sistemas o dispositivos de retencion infantil,7,0,0,0,0,0,0,1,0,0,1,3,2,infracciones_2017,otras
2017,6280,"Limitador de velocidad, Falta / Funciona incorrectamente",11,0,1,0,0,3,1,1,1,1,2,1,0,infracciones_2017,otras
2017,6290,"Dispositivo control gases, Falta /Mal funcionamiento",208,8,32,66,2,42,4,20,14,2,3,10,5,infracciones_2017,otras
2017,6310,Verter liquido combustible o aguas servidas,85,7,1,5,3,8,1,12,15,5,11,10,7,infracciones_2017,otras
2017,6330,Dispositivo de control de ruido y silenciador Falta /Mal funcionamiento,717,2,83,55,36,168,52,71,68,55,84,5,38,infracciones_2017,otras
2017,6350,Uso indebido e bocina,922,33,42,50,19,89,33,82,146,81,58,167,122,infracciones_2017,otras
2017,6370,Colocacion Bocinas o sirenas antirreglamentarias,27,1,2,3,0,1,0,3,2,1,0,4,10,infracciones_2017,otras
2017,6390,Uso Paragolpe antirreglamentario,34,1,3,2,2,2,0,3,4,1,1,3,12,infracciones_2017,otras
2017,6410,Falta Paragolpe,87,2,5,9,7,11,5,4,10,4,5,18,7,infracciones_2017,otras
2017,6430,Uso de Vidrios tonalizados antirreglamentarios,405,16,34,13,17,49,49,44,93,24,18,32,16,infracciones_2017,otras
2017,6450,"Falta/sin vision, Espejos Retrovisores",1383,41,41,190,109,115,124,93,91,105,118,203,153,infracciones_2017,otras
2017,6470,Falta Tapa Combustible,72,6,3,3,3,1,6,5,3,5,3,14,20,infracciones_2017,otras
2017,6490,Conducir utilizando Celular / Auriculares / Reproductor de video,160947,10076,7008,10979,6373,12471,5591,10307,20755,11194,10485,30958,24750,infracciones_2017,otras
2017,6492,Conductor redactando/enviando mensaje de texto,17369,991,679,1233,765,1646,530,1169,2360,1179,1161,3433,2223,infracciones_2017,otras
2017,6501,Permitir Viajar personas impedidas en asiento delantero,18476,964,975,1747,836,1411,611,991,2682,1309,1076,3268,2606,infracciones_2017,velocidad
2017,6525,Exceso Velocidad hasta 10Km/h de la Máxima permitida para el tipo de arteria,268522,26851,25154,21554,21285,17648,24293,21430,9198,20895,33481,21936,24797,infracciones_2017,velocidad
2017,6526,Exceso Velocidad más de 10Km/h y hasta 20Km/h de la Máxima permitida para el tipo de arteria,165505,17264,14827,14147,13143,10695,14816,13230,5425,12446,23226,11951,14335,infracciones_2017,velocidad
2017,6527,Exceso Velocidad hasta 20Km/h de la Máxima permitida en vías rápidas,1180307,148491,106730,137877,135296,139385,125051,108651,24216,35472,64997,69948,84193,infracciones_2017,velocidad
2017,6528,Exceso Velocidad más de 20Km/h y hasta 40Km/h de la Máxima permitida en vías rápidas,168707,23330,15591,19365,22748,22649,17566,14282,2840,3774,7115,9377,10070,infracciones_2017,velocidad
2017,6529,Exceso Velocidad más 20Km de la Máxima permitida para el tipo de arteria y hasta 140 km/h,42454,5000,4073,5523,4231,2652,3648,3483,1471,3122,4030,1841,3380,infracciones_2017,velocidad
2017,6530,Exceso Velocidad más de 40Km/h de la Máxima permitida en vías rápidas y hasta 140 km/h,8146,1101,561,889,1293,1413,794,733,128,136,273,378,447,infracciones_2017,velocidad
2017,6531,Exceso Velocidad más de 140Km/h,3027,596,442,350,407,482,192,160,37,79,102,87,93,infracciones_2017,velocidad
2017,6540,Circulación en sentido contrario,4235,137,195,246,140,306,196,293,515,468,442,683,614,infracciones_2017,velocidad
2017,6550,Circular en sentido contrario calle/ave. 1 mano (carga/pasajeros),1,0,0,0,0,0,0,0,0,0,0,0,1,infracciones_2017,velocidad
2017,6560,Invasión parcial de vías,850,51,64,78,47,62,15,47,67,110,74,123,112,infracciones_2017,velocidad
2017,6580,No respetar carriles/Maniobras Peligrosas,9022,451,402,514,373,749,436,603,1146,563,547,1586,1652,infracciones_2017,velocidad
2017,6600,Girar a izquierda/derecha en lugar prohibido,38729,1949,2342,2185,1403,3504,2121,2634,5779,3188,3227,5053,5344,infracciones_2017,otras
2017,6620,No respetar paso o cartel PARE en bocacalle,120,8,5,8,9,9,11,11,20,12,7,10,10,infracciones_2017,otras
2017,6640,Marcha atras en forma indebida,386,15,30,21,17,31,12,29,57,34,24,43,73,infracciones_2017,otras
2017,6660,Forzar barrera/evadir pago peaje autopista,60575,7222,738,960,12429,2456,14565,997,15476,1371,1208,1390,1763,infracciones_2017,peajes
2017,6670,Infrigir normas Transporte Sustancias Peligrosas,6,0,0,0,1,0,0,0,0,0,0,2,3,infracciones_2017,otras
2017,6680,Obstruir vía Transversal/Ciclovía/Vereda/Estac. reservado,1209,47,107,65,64,187,60,96,189,62,61,164,107,infracciones_2017,otras
2017,6700,No ceder Paso a Polic/Bombe/Ambula/Serv.Pub.o Urgen.,101,4,8,7,0,11,9,14,8,2,11,10,17,infracciones_2017,otras
2017,6720,Interrumpir Filas Escolares,14,0,4,0,0,1,0,0,1,1,1,1,5,infracciones_2017,otras
2017,6740,No respetar Senda Peatonal/Paso Peaton,22889,202,205,4853,144,3925,353,3529,1876,3154,753,2165,1730,infracciones_2017,otras
2017,6760,Circular por Zona/Carril o c/peso/poten./tamaño Prohibido,49626,604,3413,1541,967,1452,1137,820,1372,2588,4449,18379,12904,infracciones_2017,carriles
2017,6761,"Carriles o vías prohíbidas (tránsito rápido,diferenciado,metrobus)",11904,538,363,568,254,1141,912,1081,1806,1118,1020,1729,1374,infracciones_2017,carriles
2017,6762,"Carriles o vías prohíbidas (ciclovía,contramano en contracarril)",768,26,21,30,38,69,34,41,94,34,47,194,140,infracciones_2017,otras
2017,6780,Prohib.circular según DIA/HORA/CARAC.VEHIC (vehículos),215139,10103,17251,22450,33,59,14247,10664,36143,23646,23237,35765,21541,infracciones_2017,otras
2017,6781,Prohib.circular según DIA/HORA/CARAC.VEHIC y/u OCUPANTES (moto),10,0,0,0,0,0,0,0,3,1,3,0,3,infracciones_2017,otras
2017,6782,Prohib.circular según DIA/HORA/CARAC.VEHIC y/u OCUPANTES s/norma 5.3.2.i Ley2148 (MOTO),2,0,0,0,0,0,0,0,1,1,0,0,0,infracciones_2017,otras
2017,6800,Nro.ocupantes mayor a capacidad vehiculo,1008,40,65,89,66,81,34,37,99,42,200,135,120,infracciones_2017,otras
2017,6820,No respetar lugar asc/desc-acercar a acera/puertas abiertas etc(pasajeros),700,26,19,92,12,60,33,54,121,72,50,71,90,infracciones_2017,otras
2017,6830,Ocupar lugar no destinado para viajar,17,1,1,0,0,1,0,1,5,1,1,3,3,infracciones_2017,otras
2017,6840,No cumplir norma uso radio/reproductor sonido/fumar/trato al pasajero,33,0,3,3,0,7,1,1,7,3,3,2,3,infracciones_2017,otras
2017,6850,No cumplir norma horario/ropa/requisito vehiculo Tte. pasajero,11,1,0,1,2,0,0,0,1,3,0,0,3,infracciones_2017,otras
2017,6860,No Cumplir Normas s/requisitos Vehículos  Escolares c/habilitación,12,1,1,2,1,0,0,1,1,0,2,1,2,infracciones_2017,otras
2017,6861,No Cumplir Normas  s/requisitos Vehículos Escolares sin habilitación,1,0,0,1,0,0,0,0,0,0,0,0,0,infracciones_2017,otras
2017,6862,Conducir sin poseer la licencia,4094,175,118,649,449,428,339,283,228,276,356,458,335,infracciones_2017,otras
2017,6870,No Cumplir Normas s/requisitos Vehículos de Transporte c/habilitación,61,9,3,4,0,5,5,4,8,0,3,9,11,infracciones_2017,otras
2017,6871,Servicio de Taxis Sin Habilitación,53,2,2,0,1,6,3,0,5,2,4,16,12,infracciones_2017,otras
2017,6872,Servicio de radio taxis que incumpla la normativa legal vigente,29,0,0,2,4,4,4,5,4,1,2,3,0,infracciones_2017,otras
2017,6874,Radio taxi con IRA vencido y/o que a su baja no hubiere eliminado las señales que lo identificaban,1,0,1,0,0,0,0,0,0,0,0,0,0,infracciones_2017,otras
2017,6875,"Servicio de radio taxi, titular o mandataria que realice promociones o cobre tarifa no autorizada",1,0,0,0,0,0,0,0,1,0,0,0,0,infracciones_2017,otras
2017,6876,No aplicación de la tarifa de taxi vigente,1,1,0,0,0,0,0,0,0,0,0,0,0,infracciones_2017,otras
2017,6877,No Cumplir Normas/requisitos Vehículos de Transporte sin habilitación,550,45,32,16,26,33,39,23,25,32,40,149,90,infracciones_2017,otras
2017,6880,No cumplir norma  Peso/dimen/permisos/carga descubierta/seguro(carga),31,0,1,2,0,3,0,3,3,2,2,8,7,infracciones_2017,otras
2017,6881,"Transporte de carga (transp.Explosivos, inflamables, animales, etc.)",5,0,0,0,0,0,0,0,1,1,0,2,1,infracciones_2017,otras
2017,6890,Carga y descarga fuera de hora/lugar prohibido,940,29,52,79,29,78,44,70,123,56,49,190,141,infracciones_2017,otras
2017,6900,Estac. lugar prohib./forma indebida/antirreglamentaria,915451,63936,84830,46965,40568,96093,119993,52129,113174,123096,57577,57419,59671,infracciones_2017,estacionamiento
2017,6901,Estac. lugar prohib./forma indebida/antirreglamentaria(carga/pasajeros),1,0,0,0,0,0,0,0,0,0,1,0,0,infracciones_2017,estacionamiento
2017,6906,Detención en Zona Exclusiva de Motos,577,62,76,25,16,88,15,12,127,50,44,62,0,infracciones_2017,estacionamiento
2017,6910,Estac. LUGAR RESERVADO (paradas/garage/ciclovias/carril exclusivo/Micro-Macrocentro/otros),76270,2253,4314,3900,2347,5318,4299,5453,6944,10978,8866,10922,10676,infracciones_2017,estacionamiento
2017,6920,Estac. lugar sin ticket/hora vencida,37791,414,2929,1846,1303,2503,1425,3705,6140,2540,5134,2909,6943,infracciones_2017,estacionamiento
2017,6935,Estacionamiento en areas peatonales,79701,4964,5648,6474,6197,7613,4357,4064,6778,8284,7176,8681,9465,infracciones_2017,estacionamiento
2017,6950,Enseñar conduccion en lugar no autorizado,32,2,1,5,0,2,2,3,7,1,0,4,5,infracciones_2017,estacionamiento
2017,6960,Enseñar conduccion (por Academia) en lugar no autorizado,27,1,0,2,1,3,1,5,10,0,1,1,2,infracciones_2017,estacionamiento
2017,6970,Peaton: No respetar lugar cruce calles/aven./semaforos,48,4,2,3,2,2,2,5,2,1,11,5,9,infracciones_2017,estacionamiento
2017,6980,No respetar indicaciones Autoridad dirige Transito,19812,966,843,1099,798,1917,972,1569,2759,1503,1286,3012,3088,infracciones_2017,estacionamiento
2017,7000,Circular sin utilizar Casco-conductor/acompañante(Moto/Ciclom./Motoneta),2,1,1,0,0,0,0,0,0,0,0,0,0,infracciones_2017,alcohol_otros
2017,7001,Infraccion regimen motovehiculos,19824,1600,1436,2294,1107,2186,838,1110,1954,1267,1324,2398,2310,infracciones_2017,alcohol_otros
2017,7002,Circular con acompañante que no usa el  CHALECO reflectante obligatorio (MOTO),83,0,0,0,0,0,0,0,0,29,0,1,53,infracciones_2017,alcohol_otros
2017,7010,Circular sin utilizar Antiparras (Moto/Ciclomotor/motoneta),40,3,5,1,0,5,3,1,4,5,5,5,3,infracciones_2017,alcohol_otros
2017,7021,Infraccion regimen ciclorodados,117,7,13,20,4,12,2,9,11,9,13,11,6,infracciones_2017,alcohol_otros
2017,7030,Incumplir Normas Tte.Privado pasajeros/Alquiler auto s/chofer,8,0,0,1,1,1,2,0,0,0,1,0,2,infracciones_2017,alcohol_otros
2017,7045,Obstruccion de estacionamiento y/o circulacion,3110,7,8,25,38,13,13,16,17,740,712,901,620,infracciones_2017,alcohol_otros
2017,7050,Violar Luz Roja,106921,5856,4627,8027,4261,9850,4891,8327,14830,8384,7486,16220,14162,infracciones_2017,alcohol_otros
2017,7062,Negarse a someterse al control de alcoholemia/estupefac/otra sustancia similar (conductor/acompaña),182,9,3,18,11,20,19,15,23,17,20,15,12,infracciones_2017,alcohol
2017,7063,Contribución a conducción peligrosa.,14,0,2,1,0,1,2,2,1,2,1,1,1,infracciones_2017,alcohol_otros
2017,7064,Utilizar en infraccion cartel/credencial/documento sobre franquicia transito/estacionamiento,247,16,10,20,20,19,7,22,35,15,22,33,28,infracciones_2017,alcohol_otros
2017,7065,Uso indebido de luces,3038,135,199,274,113,52,44,72,178,102,272,1038,559,infracciones_2017,alcohol_otros
2017,7066,Utilizacion de luces prohibidas,42,1,2,1,2,1,4,7,10,1,8,1,4,infracciones_2017,alcohol_otros
2017,7530,Circular en Infraccion Normas regulan servicio Remise/Escolares/Taxi,45,4,3,3,1,2,1,3,0,5,4,3,16,infracciones_2017,alcohol_otros
2017,7540,No cumplir Norma de habilitacion tecnica Remise/Escolares/Taxi,12,5,3,0,0,1,0,0,0,0,2,1,0,infracciones_2017,alcohol_otros
2017,7550,Explotar sin autorización para prestar el servicio Remise/Escolares/Taxi,11,2,1,1,4,0,0,0,1,0,0,0,2,infracciones_2017,alcohol_otros
2017,7551,Alteraciones en el reloj taxímetro (titular y/o mandataria),1,0,0,1,0,0,0,0,0,0,0,0,0,infracciones_2017,alcohol_otros
2017,7552,Alteraciones con dispositivos mecánicos electrónicos a fin de incrementar la tarifa,2,0,0,1,1,0,0,0,0,0,0,0,0,infracciones_2017,alcohol_otros
2017,8080,Abandonar vehiculo en la via publica,2981,94,178,191,206,264,261,83,648,241,481,1,333,infracciones_2017,otras
2017,8880,Incumplimiento de identificacion de conductor,1051,217,176,160,139,119,85,68,16,20,35,5,11,infracciones_2017,otras
2017,8884,Señalizacion de obras,1,0,0,0,0,0,0,0,0,0,0,1,0,infracciones_2017,otras
2017,8885,"Paradas, otras señales y simbolos",13,2,0,2,0,1,0,0,1,0,0,6,1,infracciones_2017,otras
2017,8886,Conductores principiantes,13,0,1,1,0,2,1,0,0,2,2,2,2,infracciones_2017,otras
2017,8900,No respetar límite velocidad Ley Nacional 24449,1,0,0,0,0,0,0,0,1,0,0,0,0,infracciones_2017,otras
2017,8910,Violación de Barreras Ferroviarias - Particular,336,1,10,14,7,45,43,45,76,22,21,29,23,infracciones_2017,otras
2017,8911,Violación de Barreras Ferroviarias - Transporte,36,0,0,1,0,2,3,4,2,0,14,7,3,infracciones_2017,otras
2017,8915,Otorgamiento de viajes de manera no autorizada,1,0,0,0,0,0,0,0,0,0,1,0,0,infracciones_2017,otras
2017,8916,Habilitación de empresa de radio taxi vencida (mas de 30 y hasta 180 días),3,0,0,0,0,0,0,0,0,0,0,1,2,infracciones_2017,otras
2017,8920,Asignación de viajes de radio taxi a vehículos sin licencias de taxis (quien asigne viajes),2,0,0,0,1,0,0,0,0,0,0,0,1,infracciones_2017,otras
2017,8923,Promociones de radio taxi,1,0,0,0,0,0,0,0,0,0,1,0,0,infracciones_2017,otras
2017,8928,Personal de la empresa de radio taxi (trabajadores sin cumplir registración según leyes laborales)),1,0,0,0,0,0,0,0,0,0,0,0,1,infracciones_2017,otras
2017,8930,Horario estación central,2,0,0,0,0,0,0,2,0,0,0,0,0,infracciones_2017,otras
2017,8939,Equipo no homologado (quien preste servicios sin haber verificado y/o registrado ante la Autoridad,6,0,0,0,0,0,0,0,0,0,1,5,0,infracciones_2017,otras
2018,1111,Expediente Infraccion de Transito,6072,375,524,462,1082,687,653,635,568,361,195,154,376,infracciones_2018,otras
2018,1131,Cruzar vias con barreras totalmente bajas,15,15,0,0,0,0,0,0,0,0,0,0,0,infracciones_2018,otras
2018,1149,Otras infracciones de transito,21,4,1,1,7,0,3,3,0,0,0,1,1,infracciones_2018,otras
2018,1842,Infrac normas regulan circulacion bicicletas,1,0,0,0,1,0,0,0,0,0,0,0,0,infracciones_2018,otras
2018,6100,Conducir sin portar la licencia,4229,382,291,424,334,337,458,304,392,341,356,285,325,infracciones_2018,documentacion
2018,6105,Falta de licencia o documentación o inhabilitado (transporte público),112,7,3,1,5,6,18,12,16,20,15,8,1,infracciones_2018,otras
2018,6110,Permitir conducir sin Licencia o Inhabilitado (titular/transporte),23,5,4,1,0,1,4,3,2,1,0,1,1,infracciones_2018,otras
2018,6120,Conducir con Licencia Vencida o Caduca,2579,312,180,244,209,206,257,246,220,215,155,142,193,infracciones_2018,documentacion
2018,6121,"Permitir conducir con licencia o documentación vencida (titular, mandataria o responsable)",615,72,43,64,35,54,58,39,56,49,54,46,45,infracciones_2018,otras
2018,6122,Licencia o documentación habilitante vencida (transporte público),240,20,15,19,19,30,21,10,19,19,26,27,15,infracciones_2018,otras
2018,6130,Conducir sin anteojos o lentes contacto segun Licencia,40,7,4,1,3,4,4,1,6,2,6,1,1,infracciones_2018,otras
2018,6140,Conducir c/licencia conductor No Correspondiente,1902,179,127,177,186,169,177,128,146,173,168,137,135,infracciones_2018,otras
2018,6150,Permitir Conducir c/licencia conductor No Correspondiente(titular/transporte),57,8,3,5,6,6,4,7,6,3,4,3,2,infracciones_2018,otras
2018,6160,Permitir o Facilitar manejo persona sin edad s/tipo vehiculo,37,1,0,0,4,16,3,3,6,1,1,1,1,infracciones_2018,otras
2018,6161,Exhibición de documentación (no exhibir ced verde vigente a nombre del tit  o ced azul de conductor),7713,763,534,759,605,603,757,492,750,612,707,555,576,infracciones_2018,documentacion
2018,6162,"Exceso de Velocidad + de 140 Km/h (taxis, pasajeros, escolares o remises)",10,1,0,0,0,0,0,2,3,1,1,2,0,infracciones_2018,otras
2018,6163,"Exceso de Velocidad mas de 20Km/h en Calle o Avenida (taxis, pasajeros, escolares, remises)",842,157,89,107,51,111,27,44,103,62,65,12,14,infracciones_2018,otras
2018,6164,"Exceso de Velocidad en màs de 40Km/h en vías rápidas (taxis, pasajeros, escolares o remises)",35,13,1,0,2,4,1,3,1,3,0,4,3,infracciones_2018,otras
2018,6165,Trans de sustancias peligrosas (no exhibir corresp insc en Reg de Transportistas segun norm vigente),3,0,0,0,1,1,0,0,0,0,0,0,1,infracciones_2018,otras
2018,6166,Vehiculo Transporte de sustancias alimenticias sin habilitaciòn,7,0,1,0,1,0,1,2,1,1,0,0,0,infracciones_2018,otras
2018,6167,"Obstruccion de via (en carriles exclusivos y/o, metrobus y premetro)",3956,535,263,451,336,244,125,329,773,184,272,232,212,infracciones_2018,otras
2018,6168,"Titular o responsable vehiculo transporte de escolares que dañe, altere o retire disp de alcoholemia",6,0,0,0,2,0,0,1,2,0,0,0,1,infracciones_2018,alcohol
2018,6169,"Conductor que dañe, altere o retire dispositivo",8,0,0,0,0,0,0,1,1,2,3,1,0,infracciones_2018,otras
2018,6170,No exhibir documentacion segun reglamentacion,1,0,0,0,0,0,1,0,0,0,0,0,0,infracciones_2018,otras
2018,6171,Obstruir LUGAR RESERVADO Vehíc. Persona discapac./RAMPA discapac.,1026,74,28,73,81,125,88,107,157,78,77,67,71,infracciones_2018,otras
2018,6172,Obstruccion de circulacion al transito,11,0,0,0,0,0,0,0,0,0,0,0,11,infracciones_2018,otras
2018,6180,No exhibir documentacion sobre transporte de sustancias peligrosas,23,3,2,1,1,1,3,3,2,2,3,0,2,infracciones_2018,otras
2018,6181,Conductor vehiculo con taximetro que se negara sin justificacion a transportar pasajero,9,0,0,1,0,0,1,0,4,2,0,1,0,infracciones_2018,otras
2018,6182,Cond vehiculo con taximetro que se negara a interrumpir func del mecanismo y/o disp de publicidad,2,0,0,0,0,0,1,0,0,0,1,0,0,infracciones_2018,otras
2018,6183,Cond vehiculo con taximetro que no porte ficha identif del titular de la licencia o la del conductor,11,1,2,1,1,1,0,0,3,0,0,0,2,infracciones_2018,otras
2018,6184,Titular vehiculo de carga exceda peso maximo por eje,14,1,0,1,4,1,0,0,1,1,1,1,3,infracciones_2018,otras
2018,6185,Carga y descarga (propietario y/o responsable del comercio),505,14,2,3,1,5,4,99,70,61,69,87,90,infracciones_2018,otras
2018,6186,"Violacion de semaforo (taxis, escolares , pasajeros, remises. Prestando servicio)",4862,760,282,251,176,241,157,232,1293,328,420,389,333,infracciones_2018,otras
2018,6187,"Negativa de someterse a control (taxis, escolares , pasajeros, remises. Prestando servicio)",24,5,2,2,3,1,3,1,3,0,1,1,2,infracciones_2018,alcohol
2018,6190,Falta poliza seguro contra terceros,4079,431,261,364,311,313,426,267,370,368,322,317,329,infracciones_2018,otras
2018,6191,Falta poliza seguro contra terceros (no cuente),3085,303,228,291,270,274,310,198,307,248,262,201,193,infracciones_2018,otras
2018,6200,Placas dominio. Falta/antirreglamentarias/mal estado,23452,2401,1231,1654,1410,1715,1547,1700,2989,1807,2708,2084,2206,infracciones_2018,otras
2018,6210,Placas dominio(Motos). Falta/antirreglamentarias/mal estado,1,0,0,0,0,0,0,0,0,0,1,0,0,infracciones_2018,otras
2018,6220,Circular con Placas de OTRO dominio.,25,3,1,2,2,3,1,1,2,6,1,2,1,infracciones_2018,otras
2018,6230,Circular con equipo Antiradar o Antifoto,52,2,7,5,1,0,1,3,11,3,9,3,7,infracciones_2018,otras
2018,6240,Revision tecnica No porte certificado,473,31,17,31,34,32,17,11,96,64,49,55,36,infracciones_2018,otras
2018,6241,Revision tecnica (no realizarla o certificado vencido),3488,306,147,309,306,281,274,133,429,420,286,307,290,infracciones_2018,otras
2018,6242,Incumplimiento grabado de autopartes (Titular/Tomador),265812,7,2,86210,77702,101864,3,3,9,6,1,3,2,infracciones_2018,otras
2018,6243,Incumplimiento grabado de autopartes (Gestor /Mandat /Concesionaria /Intermediario ),67,2,56,1,0,1,0,1,4,1,1,0,0,infracciones_2018,otras
2018,6250,Frenos/Luces/elementos seguridad Falta o Deficientes,2026,395,181,267,98,171,211,140,175,105,116,89,78,infracciones_2018,otras
2018,6270,No uso cinturon de seguridad,37230,8419,5501,4684,2752,2707,1533,1378,4136,1456,1668,1601,1395,infracciones_2018,otras
2018,6271,Menores de edad en asiento trasero SIN dispositivo retencion infantil o SIN acompañante mayor,141,134,1,2,0,0,3,0,1,0,0,0,0,infracciones_2018,otras
2018,6272,Sistemas o dispositivos de retencion infantil,1519,170,79,75,84,104,55,81,354,128,164,104,121,infracciones_2018,otras
2018,6280,"Limitador de velocidad, Falta / Funciona incorrectamente",22,1,1,2,2,2,0,0,6,1,3,1,3,infracciones_2018,otras
2018,6290,"Dispositivo control gases, Falta /Mal funcionamiento",70,12,11,9,0,2,7,5,9,6,4,0,5,infracciones_2018,otras
2018,6310,Verter liquido combustible o aguas servidas,29,3,3,4,1,1,5,4,2,1,3,2,0,infracciones_2018,otras
2018,6330,Dispositivo de control de ruido y silenciador Falta /Mal funcionamiento,1400,50,268,128,59,1,238,159,143,49,173,32,100,infracciones_2018,otras
2018,6350,Uso indebido e bocina,1440,122,70,78,102,120,78,91,348,98,123,99,111,infracciones_2018,otras
2018,6370,Colocacion Bocinas o sirenas antirreglamentarias,168,9,21,19,11,0,37,13,15,9,15,2,17,infracciones_2018,otras
2018,6390,Uso Paragolpe antirreglamentario,51,7,2,1,3,4,5,2,6,7,4,6,4,infracciones_2018,otras
2018,6410,Falta Paragolpe,98,12,9,2,3,10,8,8,9,6,8,10,13,infracciones_2018,otras
2018,6430,Uso de Vidrios tonalizados antirreglamentarios,329,48,12,30,24,22,6,12,111,15,15,19,15,infracciones_2018,otras
2018,6450,"Falta/sin vision, Espejos Retrovisores",2705,311,203,264,155,174,258,183,250,233,245,228,201,infracciones_2018,otras
2018,6470,Falta Tapa Combustible,14,6,0,0,1,0,1,0,3,3,0,0,0,infracciones_2018,otras
2018,6490,Conducir utilizando Celular / Auriculares / Reproductor de video,190505,33073,9969,12327,11493,12294,7244,10144,41987,12507,15692,12584,11191,infracciones_2018,otras
2018,6492,Conductor redactando/enviando mensaje de texto,23512,2451,884,1348,1352,1616,1130,1554,4770,1799,2441,2178,1989,infracciones_2018,otras
2018,6501,Permitir Viajar personas impedidas en asiento delantero,17045,2712,1031,924,1056,1159,836,1309,3167,1340,1497,985,1029,infracciones_2018,velocidad
2018,6525,Exceso Velocidad hasta 10Km/h de la Máxima permitida para el tipo de arteria,167436,26432,23490,17500,12474,16349,8654,11520,16714,12665,10335,4926,6377,infracciones_2018,velocidad
2018,6526,Exceso Velocidad más de 10Km/h y hasta 20Km/h de la Máxima permitida para el tipo de arteria,95637,15551,13447,10276,7071,9575,4764,6112,10376,7061,6197,2313,2894,infracciones_2018,velocidad
2018,6527,Exceso Velocidad hasta 20Km/h de la Máxima permitida en vías rápidas,568922,100169,64431,49681,39097,39434,31101,43416,42092,53146,40083,28274,37998,infracciones_2018,velocidad
2018,6528,Exceso Velocidad más de 20Km/h y hasta 40Km/h de la Máxima permitida en vías rápidas,64266,12849,7976,6562,3660,3895,3135,4943,4086,6009,4346,2919,3886,infracciones_2018,velocidad
2018,6529,Exceso Velocidad más 20Km de la Máxima permitida para el tipo de arteria y hasta 140 km/h,20930,3200,2628,2313,1176,2626,600,1312,2830,1694,1775,348,428,infracciones_2018,velocidad
2018,6530,Exceso Velocidad más de 40Km/h de la Máxima permitida en vías rápidas y hasta 140 km/h,2620,692,281,303,174,181,186,144,142,176,137,68,136,infracciones_2018,velocidad
2018,6531,Exceso Velocidad más de 140Km/h,1231,122,111,119,33,62,30,144,76,176,132,98,128,infracciones_2018,velocidad
2018,6540,Circulación en sentido contrario,8839,585,594,610,413,525,279,450,1279,734,1248,978,1144,infracciones_2018,velocidad
2018,6560,Invasión parcial de vías,155,31,5,12,2,2,9,15,27,8,19,8,17,infracciones_2018,velocidad
2018,6580,No respetar carriles/Maniobras Peligrosas,18507,1746,888,1049,1167,1385,908,1149,3858,1395,1843,1560,1559,infracciones_2018,velocidad
2018,6600,Girar a izquierda/derecha en lugar prohibido,27936,4717,2133,2186,1714,1916,1304,1636,5266,1564,2166,1729,1605,infracciones_2018,otras
2018,6620,No respetar paso o cartel PARE en bocacalle,59,12,1,6,1,2,7,1,21,1,2,3,2,infracciones_2018,otras
2018,6640,Marcha atras en forma indebida,2243,48,26,23,16,22,24,566,234,283,334,301,366,infracciones_2018,otras
2018,6660,Forzar barrera/evadir pago peaje autopista,134804,1437,440,438,500,577,396,583,1322,603,666,474,127368,infracciones_2018,peajes
2018,6680,Obstruir vía Transversal/Ciclovía/Vereda/Estac. reservado,4843,328,175,258,345,371,497,648,725,370,367,307,452,infracciones_2018,otras
2018,6700,No ceder Paso a Polic/Bombe/Ambula/Serv.Pub.o Urgen.,73,8,3,5,6,6,4,5,16,4,6,5,5,infracciones_2018,otras
2018,6720,Interrumpir Filas Escolares,14,2,0,0,3,1,0,0,5,2,0,0,1,infracciones_2018,otras
2018,6740,No respetar Senda Peatonal/Paso Peaton,27344,2625,1356,2321,1533,1961,1055,3926,2840,2338,2922,2433,2034,infracciones_2018,otras
2018,6760,Circular por Zona/Carril o c/peso/poten./tamaño Prohibido,106561,9196,8330,2913,11911,15258,7137,12483,13015,6916,6964,8885,3553,infracciones_2018,carriles
2018,6761,"Carriles o vías prohíbidas (tránsito rápido,diferenciado,metrobus)",31635,1691,754,1264,1058,793,618,563,1957,428,585,472,21452,infracciones_2018,carriles
2018,6762,"Carriles o vías prohíbidas (ciclovía,contramano en contracarril)",3377,180,82,98,78,111,66,862,686,288,327,303,296,infracciones_2018,otras
2018,6780,Prohib.circular según DIA/HORA/CARAC.VEHIC (vehículos),434655,17361,19905,17433,24091,26247,13734,96236,88970,52463,21475,38167,18573,infracciones_2018,otras
2018,6781,Prohib.circular según DIA/HORA/CARAC.VEHIC y/u OCUPANTES (moto),46,2,0,1,0,0,0,0,0,11,17,14,1,infracciones_2018,otras
2018,6782,Prohib.circular según DIA/HORA/CARAC.VEHIC y/u OCUPANTES s/norma 5.3.2.i Ley2148 (MOTO),16,0,0,0,0,0,0,1,1,2,5,4,3,infracciones_2018,otras
2018,6800,Nro.ocupantes mayor a capacidad vehiculo,1150,160,145,96,97,71,47,62,137,85,106,65,79,infracciones_2018,otras
2018,6820,No respetar lugar asc/desc-acercar a acera/puertas abiertas etc(pasajeros),1504,101,122,92,162,138,131,150,229,92,99,114,74,infracciones_2018,otras
2018,6830,Ocupar lugar no destinado para viajar,25,2,0,0,2,4,6,1,5,1,4,0,0,infracciones_2018,otras
2018,6840,No cumplir norma uso radio/reproductor sonido/fumar/trato al pasajero,79,8,17,3,19,2,1,17,7,2,2,1,0,infracciones_2018,otras
2018,6850,No cumplir norma horario/ropa/requisito vehiculo Tte. pasajero,96,2,6,1,37,12,2,17,11,1,4,1,2,infracciones_2018,otras
2018,6860,No Cumplir Normas s/requisitos Vehículos  Escolares c/habilitación,5,0,1,0,2,1,1,0,0,0,0,0,0,infracciones_2018,otras
2018,6862,Conducir sin poseer la licencia,4567,525,317,426,387,375,436,275,455,399,345,312,315,infracciones_2018,otras
2018,6870,No Cumplir Normas s/requisitos Vehículos de Transporte c/habilitación,149,14,23,21,30,10,10,11,9,8,6,1,6,infracciones_2018,otras
2018,6871,Servicio de Taxis Sin Habilitación,67,3,5,6,4,6,3,3,6,6,10,10,5,infracciones_2018,otras
2018,6873,Radio taxi que no este abonado a una estación central o difiera estación abonada,2,0,1,0,0,0,0,0,0,0,1,0,0,infracciones_2018,otras
2018,6874,Radio taxi con IRA vencido y/o que a su baja no hubiere eliminado las señales que lo identificaban,3,0,0,0,0,0,0,0,2,0,1,0,0,infracciones_2018,otras
2018,6875,"Servicio de radio taxi, titular o mandataria que realice promociones o cobre tarifa no autorizada",6,0,0,3,0,0,0,0,1,0,0,1,1,infracciones_2018,otras
2018,6876,No aplicación de la tarifa de taxi vigente,7,0,2,2,0,0,2,0,1,0,0,0,0,infracciones_2018,otras
2018,6877,No Cumplir Normas/requisitos Vehículos de Transporte sin habilitación,1976,234,232,322,299,137,126,107,204,124,63,78,50,infracciones_2018,otras
2018,6878,Requisitos de los vehiculos de transporte de carga,1,0,0,0,0,0,0,0,0,0,0,0,1,infracciones_2018,otras
2018,6879,Requisitos de los vehiculos de transporte de carga sin habilitacion,6,0,0,0,0,0,0,0,0,0,0,0,6,infracciones_2018,otras
2018,6880,No cumplir norma  Peso/dimen/permisos/carga descubierta/seguro(carga),44,4,2,0,3,3,3,3,8,1,9,7,1,infracciones_2018,otras
2018,6881,"Transporte de carga (transp.Explosivos, inflamables, animales, etc.)",20,3,3,1,0,0,2,1,5,1,2,1,1,infracciones_2018,otras
2018,6890,Carga y descarga fuera de hora/lugar prohibido,2525,153,32,65,59,75,92,518,389,187,342,255,358,infracciones_2018,otras
2018,6900,Estac. lugar prohib./forma indebida/antirreglamentaria,1099344,55114,71928,116118,101777,120101,83557,116762,67751,150126,110147,57464,48499,infracciones_2018,estacionamiento
2018,6906,Detención en Zona Exclusiva de Motos,318,14,45,0,0,0,89,27,47,24,18,0,54,infracciones_2018,estacionamiento
2018,6910,Estac. LUGAR RESERVADO (paradas/garage/ciclovias/carril exclusivo/Micro-Macrocentro/otros),88636,8040,4332,6959,5921,6131,5533,10901,8853,7713,8011,8350,7892,infracciones_2018,estacionamiento
2018,6911,Estacionar en LUGAR RESERVADO Vehíc. Persona discapac./RAMPA discapac.,23383,885,725,1430,1578,2893,1398,3034,2346,2142,2052,2562,2338,infracciones_2018,estacionamiento
2018,6920,Estac. lugar sin ticket/hora vencida,37597,5768,5021,5883,4679,2578,2432,2507,2072,1633,2144,1333,1547,infracciones_2018,estacionamiento
2018,6935,Estacionamiento en areas peatonales,66076,5822,3342,4726,4545,7281,3740,7807,5691,5934,5615,5784,5789,infracciones_2018,estacionamiento
2018,6950,Enseñar conduccion en lugar no autorizado,27,7,4,0,2,4,2,1,2,2,2,0,1,infracciones_2018,estacionamiento
2018,6960,Enseñar conduccion (por Academia) en lugar no autorizado,81,1,1,3,7,10,11,8,9,8,6,11,6,infracciones_2018,estacionamiento
2018,6970,Peaton: No respetar lugar cruce calles/aven./semaforos,75,14,3,3,4,8,0,4,18,4,5,6,6,infracciones_2018,estacionamiento
2018,6980,No respetar indicaciones Autoridad dirige Transito,30149,3312,1870,1881,1719,1995,1636,1755,6803,1888,2768,2236,2286,infracciones_2018,estacionamiento
2018,7001,Infraccion regimen motovehiculos,12173,2428,809,858,628,601,583,473,2027,975,1056,864,871,infracciones_2018,alcohol_otros
2018,7002,Circular con acompañante que no usa el  CHALECO reflectante obligatorio (MOTO),2214,211,181,161,92,88,97,62,71,199,370,321,361,infracciones_2018,alcohol_otros
2018,7010,Circular sin utilizar Antiparras (Moto/Ciclomotor/motoneta),35,5,1,6,8,6,0,2,4,1,1,0,1,infracciones_2018,alcohol_otros
2018,7021,Infraccion regimen ciclorodados,63,6,4,3,3,0,5,8,3,9,7,9,6,infracciones_2018,alcohol_otros
2018,7030,Incumplir Normas Tte.Privado pasajeros/Alquiler auto s/chofer,20,2,1,1,7,0,0,1,1,4,2,0,1,infracciones_2018,alcohol_otros
2018,7045,Obstruccion de estacionamiento y/o circulacion,21951,629,748,2377,2066,3296,1449,1999,834,4133,2763,1083,574,infracciones_2018,alcohol_otros
2018,7050,Violar Luz Roja,113291,16770,7630,8745,7108,7547,4916,5968,24048,6595,9448,7725,6791,infracciones_2018,alcohol_otros
2018,7062,Negarse a someterse al control de alcoholemia/estupefac/otra sustancia similar (conductor/acompaña),149,18,11,13,16,15,14,11,11,11,4,8,17,infracciones_2018,alcohol
2018,7063,Contribución a conducción peligrosa.,12,2,0,1,4,2,1,1,1,0,0,0,0,infracciones_2018,alcohol_otros
2018,7064,Utilizar en infraccion cartel/credencial/documento sobre franquicia transito/estacionamiento,2135,42,13,17,25,123,114,324,387,266,223,245,356,infracciones_2018,alcohol_otros
2018,7065,Uso indebido de luces,1854,236,36,52,27,32,164,267,230,186,315,138,171,infracciones_2018,alcohol_otros
2018,7066,Utilizacion de luces prohibidas,356,8,14,24,11,28,24,20,36,28,50,49,64,infracciones_2018,alcohol_otros
2018,7530,Circular en Infraccion Normas regulan servicio Remise/Escolares/Taxi,2943,151,95,122,142,275,439,183,444,549,303,221,19,infracciones_2018,alcohol_otros
2018,7540,No cumplir Norma de habilitacion tecnica Remise/Escolares/Taxi,29,0,0,1,0,0,0,0,0,3,9,13,3,infracciones_2018,alcohol_otros
2018,7550,Explotar sin autorización para prestar el servicio Remise/Escolares/Taxi,922,0,1,2,50,214,147,98,180,154,35,25,16,infracciones_2018,alcohol_otros
2018,7551,Alteraciones en el reloj taxímetro (titular y/o mandataria),3,0,0,1,1,0,0,0,1,0,0,0,0,infracciones_2018,alcohol_otros
2018,7552,Alteraciones con dispositivos mecánicos electrónicos a fin de incrementar la tarifa,1,0,0,0,1,0,0,0,0,0,0,0,0,infracciones_2018,alcohol_otros
2018,8080,Abandonar vehiculo en la via publica,1600,109,70,24,222,0,83,363,217,178,126,47,161,infracciones_2018,otras
2018,8880,Incumplimiento de identificacion de conductor,534,139,117,86,39,45,28,29,22,15,11,1,2,infracciones_2018,otras
2018,8884,Señalizacion de obras,11,1,0,0,1,1,2,1,2,0,1,1,1,infracciones_2018,otras
2018,8885,"Paradas, otras señales y simbolos",38,3,1,5,0,0,1,12,4,4,4,1,3,infracciones_2018,otras
2018,8886,Conductores principiantes,19,1,0,1,1,4,1,0,2,0,3,4,2,infracciones_2018,otras
2018,8900,No respetar límite velocidad Ley Nacional 24449,3,0,0,1,0,0,0,0,1,0,0,1,0,infracciones_2018,otras
2018,8910,Violación de Barreras Ferroviarias - Particular,1045,107,56,71,37,53,54,37,199,192,168,44,27,infracciones_2018,otras
2018,8911,Violación de Barreras Ferroviarias - Transporte,47,5,1,1,2,5,3,5,8,5,6,5,1,infracciones_2018,otras
2018,8915,Otorgamiento de viajes de manera no autorizada,1,0,0,0,0,0,0,1,0,0,0,0,0,infracciones_2018,otras
2018,8917,Habilitación de empresa de radio taxi vencida (de 180 y hasta 360 días),1,0,0,0,0,0,1,0,0,0,0,0,0,infracciones_2018,otras
2018,8920,Asignación de viajes de radio taxi a vehículos sin licencias de taxis (quien asigne viajes),1,1,0,0,0,0,0,0,0,0,0,0,0,infracciones_2018,otras
2018,8921,"Asignación de viaje de radio taxi a vehículos sin licencias de taxis (titular, conductor o resp.)",1,0,0,0,0,0,0,0,0,0,0,0,1,infracciones_2018,otras
2018,8922,Requisitos del abonado,1,0,0,0,0,1,0,0,0,0,0,0,0,infracciones_2018,otras
2018,8924,Incumplimiento a la autorización para funcionar como radio taxi,2,0,0,0,0,0,0,0,0,0,0,2,0,infracciones_2018,otras
2018,8925,Nomina de abonados (empresa que no comunique detalle abonados a Autoridad Aplicación,2,0,0,0,1,0,0,0,0,1,0,0,0,infracciones_2018,otras
2018,8926,Nomina de abonados (prestar servicio con menor cantidad de abonados),16,2,1,2,3,0,0,1,3,0,2,1,1,infracciones_2018,otras
2018,8928,Personal de la empresa de radio taxi (trabajadores sin cumplir registración según leyes laborales)),1,0,0,0,0,0,1,0,0,0,0,0,0,infracciones_2018,otras
2018,8933,Recargo radio taxi,1,0,0,0,0,0,0,0,0,0,0,1,0,infracciones_2018,otras
2018,8935,Taxi con cartelería sin abono,1,0,0,0,0,0,0,0,0,0,1,0,0,infracciones_2018,otras
2018,8937,Servicio de radio taxi sin abono,1,0,0,1,0,0,0,0,0,0,0,0,0,infracciones_2018,otras
2018,8939,Equipo no homologado (quien preste servicios sin haber verificado y/o registrado ante la Autoridad,3,1,0,0,0,0,1,0,0,0,0,1,0,infracciones_2018,otras
2018,8940,Certificado de interconexión radioeléctrica,2,0,0,0,0,1,0,0,1,0,0,0,0,infracciones_2018,otras
2018,8942,"Taxi , transp escolar, remise, vehic fantasia , otro sin autorizacion",26,0,0,0,0,0,0,0,0,0,0,0,26,infracciones_2018,otras
2018,8943,Vehic transporte pasajeros no cumple con VTV,5,0,0,0,0,0,0,0,0,0,0,0,5,infracciones_2018,otras
2018,8944,Vehic transporte pasajeros en infraccion,5,0,0,0,0,0,0,0,0,0,0,0,5,infracciones_2018,otras
2019,1111,Expediente Infraccion de Transito,11549,754,421,470,940,1039,951,1239,1053,1386,1372,964,960,infracciones_2019,otras
2019,1149,Otras infracciones de transito,5,1,1,0,0,1,0,0,0,1,1,0,0,infracciones_2019,otras
2019,6100,Conducir sin portar la licencia,3753,421,397,335,378,400,286,325,339,208,184,249,231,infracciones_2019,documentacion
2019,6105,Falta de licencia o documentación o inhabilitado (transporte público),104,10,7,6,9,8,11,4,14,9,8,8,10,infracciones_2019,otras
2019,6110,Permitir conducir sin Licencia o Inhabilitado (titular/transporte),19,2,2,0,4,0,1,2,1,0,5,2,0,infracciones_2019,otras
2019,6120,Conducir con Licencia Vencida o Caduca,2962,286,225,219,248,192,221,312,325,259,199,240,236,infracciones_2019,documentacion
2019,6121,"Permitir conducir con licencia o documentación vencida (titular, mandataria o responsable)",344,53,22,32,24,28,22,35,34,16,18,30,30,infracciones_2019,otras
2019,6122,Licencia o documentación habilitante vencida (transporte público),180,10,7,13,23,13,12,13,17,23,19,15,15,infracciones_2019,otras
2019,6130,Conducir sin anteojos o lentes contacto segun Licencia,50,6,3,2,6,6,2,6,4,0,3,7,5,infracciones_2019,otras
2019,6140,Conducir c/licencia conductor No Correspondiente,1711,226,211,197,153,140,143,142,122,100,109,92,76,infracciones_2019,otras
2019,6150,Permitir Conducir c/licencia conductor No Correspondiente(titular/transporte),33,3,5,2,3,6,0,2,2,1,1,6,2,infracciones_2019,otras
2019,6160,Permitir o Facilitar manejo persona sin edad s/tipo vehiculo,13,2,1,0,3,0,0,0,1,1,2,2,1,infracciones_2019,otras
2019,6161,Exhibición de documentación (no exhibir ced verde vigente a nombre del tit  o ced azul de conductor),8278,954,852,715,826,753,594,725,694,578,515,553,519,infracciones_2019,documentacion
2019,6162,"Exceso de Velocidad + de 140 Km/h (taxis, pasajeros, escolares o remises)",4,1,0,0,0,3,0,0,0,0,0,0,0,infracciones_2019,otras
2019,6163,"Exceso de Velocidad mas de 20Km/h en Calle o Avenida (taxis, pasajeros, escolares, remises)",299,12,35,5,18,11,3,9,4,46,98,42,16,infracciones_2019,otras
2019,6164,"Exceso de Velocidad en màs de 40Km/h en vías rápidas (taxis, pasajeros, escolares o remises)",25,1,5,0,3,1,1,0,2,2,8,1,1,infracciones_2019,otras
2019,6166,Vehiculo Transporte de sustancias alimenticias sin habilitaciòn,10,0,1,0,0,0,1,0,2,0,1,1,4,infracciones_2019,otras
2019,6167,"Obstruccion de via (en carriles exclusivos y/o, metrobus y premetro)",1455,223,206,94,200,216,46,109,70,39,64,101,87,infracciones_2019,otras
2019,6168,"Titular o responsable vehiculo transporte de escolares que dañe, altere o retire disp de alcoholemia",3,0,1,0,1,0,0,0,0,1,0,0,0,infracciones_2019,alcohol
2019,6169,"Conductor que dañe, altere o retire dispositivo",4,1,0,0,1,1,0,0,0,0,0,0,1,infracciones_2019,otras
2019,6171,Obstruir LUGAR RESERVADO Vehíc. Persona discapac./RAMPA discapac.,759,54,46,36,91,83,64,68,78,36,79,69,55,infracciones_2019,otras
2019,6172,Obstruccion de circulacion al transito,144,12,25,12,25,15,10,5,11,3,8,9,9,infracciones_2019,otras
2019,6180,No exhibir documentacion sobre transporte de sustancias peligrosas,16,3,1,0,0,3,1,0,0,3,1,3,1,infracciones_2019,otras
2019,6181,Conductor vehiculo con taximetro que se negara sin justificacion a transportar pasajero,22,0,1,2,2,14,0,2,0,0,0,0,1,infracciones_2019,otras
2019,6182,Cond vehiculo con taximetro que se negara a interrumpir func del mecanismo y/o disp de publicidad,4,0,1,1,0,0,0,0,1,0,0,0,1,infracciones_2019,otras
2019,6183,Cond vehiculo con taximetro que no porte ficha identif del titular de la licencia o la del conductor,34,0,1,1,1,7,1,2,2,7,2,2,8,infracciones_2019,otras
2019,6184,Titular vehiculo de carga exceda peso maximo por eje,6,2,1,0,0,2,0,0,1,0,0,0,0,infracciones_2019,otras
2019,6185,Carga y descarga (propietario y/o responsable del comercio),348,100,53,23,44,103,1,3,15,2,1,3,0,infracciones_2019,otras
2019,6186,"Violacion de semaforo (taxis, escolares , pasajeros, remises. Prestando servicio)",5348,563,420,159,466,640,411,534,435,242,466,483,529,infracciones_2019,otras
2019,6187,"Negativa de someterse a control (taxis, escolares , pasajeros, remises. Prestando servicio)",16,2,1,1,3,1,1,0,2,0,1,3,1,infracciones_2019,alcohol
2019,6190,Falta poliza seguro contra terceros,4181,564,477,362,376,345,280,332,378,271,261,262,273,infracciones_2019,otras
2019,6191,Falta poliza seguro contra terceros (no cuente),3761,369,374,280,366,397,251,312,321,296,278,286,231,infracciones_2019,otras
2019,6200,Placas dominio. Falta/antirreglamentarias/mal estado,20422,2813,2142,1175,1863,2397,1325,1753,1553,981,1451,1553,1416,infracciones_2019,otras
2019,6220,Circular con Placas de OTRO dominio.,17,3,0,2,3,0,1,3,0,0,3,1,1,infracciones_2019,otras
2019,6230,Circular con equipo Antiradar o Antifoto,56,9,4,1,2,6,2,1,2,4,5,9,11,infracciones_2019,otras
2019,6240,Revision tecnica No porte certificado,489,67,46,14,25,60,54,39,51,35,41,28,29,infracciones_2019,otras
2019,6241,Revision tecnica (no realizarla o certificado vencido),3427,392,343,144,204,374,301,263,413,329,242,236,186,infracciones_2019,otras
2019,6242,Incumplimiento grabado de autopartes (Titular/Tomador),50,3,7,3,4,7,3,1,3,7,4,5,3,infracciones_2019,otras
2019,6243,Incumplimiento grabado de autopartes (Gestor /Mandat /Concesionaria /Intermediario ),2,0,0,0,1,0,0,1,0,0,0,0,0,infracciones_2019,otras
2019,6250,Frenos/Luces/elementos seguridad Falta o Deficientes,1544,103,64,61,120,222,152,145,269,85,121,113,89,infracciones_2019,otras
2019,6270,No uso cinturon de seguridad,15073,1791,1426,529,1395,1192,564,592,946,664,1219,2661,2094,infracciones_2019,otras
2019,6271,Menores de edad en asiento trasero SIN dispositivo retencion infantil o SIN acompañante mayor,7,0,0,0,1,2,0,0,0,0,0,4,0,infracciones_2019,otras
2019,6272,Sistemas o dispositivos de retencion infantil,1490,280,182,46,109,101,66,99,91,74,111,196,135,infracciones_2019,otras
2019,6280,"Limitador de velocidad, Falta / Funciona incorrectamente",12,3,1,0,2,0,0,1,1,1,3,0,0,infracciones_2019,otras
2019,6290,"Dispositivo control gases, Falta /Mal funcionamiento",33,10,3,2,3,1,1,2,4,3,2,2,0,infracciones_2019,otras
2019,6310,Verter liquido combustible o aguas servidas,11,0,0,0,3,3,0,1,0,3,0,0,1,infracciones_2019,otras
2019,6330,Dispositivo de control de ruido y silenciador Falta /Mal funcionamiento,157,126,24,1,0,0,1,1,1,1,0,0,2,infracciones_2019,otras
2019,6350,Uso indebido e bocina,997,136,130,57,118,110,44,61,78,27,69,80,87,infracciones_2019,otras
2019,6370,Colocacion Bocinas o sirenas antirreglamentarias,38,15,7,6,0,4,1,2,1,0,1,1,0,infracciones_2019,otras
2019,6390,Uso Paragolpe antirreglamentario,49,8,7,1,6,5,2,4,1,2,4,2,7,infracciones_2019,otras
2019,6410,Falta Paragolpe,94,18,6,2,10,12,7,7,6,3,8,8,7,infracciones_2019,otras
2019,6430,Uso de Vidrios tonalizados antirreglamentarios,267,23,29,30,18,26,28,44,12,10,16,19,12,infracciones_2019,otras
2019,6450,"Falta/sin vision, Espejos Retrovisores",2614,334,295,240,229,282,154,210,197,183,161,166,163,infracciones_2019,otras
2019,6470,Falta Tapa Combustible,9,2,0,0,0,2,1,0,0,2,0,0,2,infracciones_2019,otras
2019,6490,Conducir utilizando Celular / Auriculares / Reproductor de video,125765,14169,10688,4420,11631,13684,7291,9371,10119,6322,12068,13822,12180,infracciones_2019,otras
2019,6492,Conductor redactando/enviando mensaje de texto,22594,2669,1979,816,2209,2442,1233,1707,1895,1068,2148,2323,2105,infracciones_2019,otras
2019,6501,Permitir Viajar personas impedidas en asiento delantero,11084,1416,1103,402,918,939,535,955,956,517,1079,1107,1157,infracciones_2019,velocidad
2019,6519,No respetar limites de velocidad minimos,1,0,0,0,1,0,0,0,0,0,0,0,0,infracciones_2019,velocidad
2019,6525,Exceso Velocidad hasta 10Km/h de la Máxima permitida para el tipo de arteria,35866,3198,9423,1090,10791,3501,8,4,27,23,32,6063,1706,infracciones_2019,velocidad
2019,6526,Exceso Velocidad más de 10Km/h y hasta 20Km/h de la Máxima permitida para el tipo de arteria,39783,1395,3934,500,4494,2917,1544,2058,1828,6914,8369,4549,1281,infracciones_2019,velocidad
2019,6527,Exceso Velocidad hasta 20Km/h de la Máxima permitida en vías rápidas,207700,21367,44712,5773,44602,19936,5310,7316,7392,9839,13667,21350,6436,infracciones_2019,velocidad
2019,6528,Exceso Velocidad más de 20Km/h y hasta 40Km/h de la Máxima permitida en vías rápidas,45010,2048,4456,460,4273,3297,1377,1515,2306,4835,16615,3378,450,infracciones_2019,velocidad
2019,6529,Exceso Velocidad más 20Km de la Máxima permitida para el tipo de arteria y hasta 140 km/h,9689,203,550,49,559,399,172,274,232,1918,3520,1367,446,infracciones_2019,velocidad
2019,6530,Exceso Velocidad más de 40Km/h de la Máxima permitida en vías rápidas y hasta 140 km/h,1868,54,150,27,145,147,50,59,105,220,702,192,17,infracciones_2019,velocidad
2019,6531,Exceso Velocidad más de 140Km/h,527,73,121,5,96,62,27,23,19,38,36,24,3,infracciones_2019,velocidad
2019,6533,Exceso de Velocidad (para ser validado en DGAI),1,0,0,0,0,0,0,0,0,0,1,0,0,infracciones_2019,velocidad
2019,6540,Circulación en sentido contrario,8332,1427,1278,628,831,1686,268,304,634,210,331,382,353,infracciones_2019,velocidad
2019,6560,Invasión parcial de vías,114,8,9,9,13,13,10,9,4,10,9,13,7,infracciones_2019,velocidad
2019,6580,No respetar carriles/Maniobras Peligrosas,15109,1533,1376,627,1469,1585,936,1404,1258,854,1484,1293,1290,infracciones_2019,velocidad
2019,6600,Girar a izquierda/derecha en lugar prohibido,15371,1633,1356,624,1376,1482,1115,1409,1300,805,1393,1484,1394,infracciones_2019,otras
2019,6620,No respetar paso o cartel PARE en bocacalle,29,4,1,0,2,3,3,1,2,1,3,6,3,infracciones_2019,otras
2019,6640,Marcha atras en forma indebida,1934,451,362,177,261,457,26,15,86,14,35,27,23,infracciones_2019,otras
2019,6660,Forzar barrera/evadir pago peaje autopista,35630,28290,4021,291,414,454,337,251,315,166,385,357,349,infracciones_2019,peajes
2019,6670,Infrigir normas Transporte Sustancias Peligrosas,1,0,0,0,0,0,0,0,0,0,1,0,0,infracciones_2019,otras
2019,6680,Obstruir vía Transversal/Ciclovía/Vereda/Estac. reservado,4229,327,471,82,184,590,328,323,338,280,565,359,382,infracciones_2019,otras
2019,6700,No ceder Paso a Polic/Bombe/Ambula/Serv.Pub.o Urgen.,68,4,8,2,10,5,3,8,6,4,7,8,3,infracciones_2019,otras
2019,6720,Interrumpir Filas Escolares,12,3,0,1,1,1,1,2,0,0,0,3,0,infracciones_2019,otras
2019,6740,No respetar Senda Peatonal/Paso Peaton,16397,2521,1632,1082,1552,3251,587,1173,937,892,842,1335,593,infracciones_2019,otras
2019,6760,Circular por Zona/Carril o c/peso/poten./tamaño Prohibido,54168,12741,9033,2579,7185,5431,1022,3228,3030,77,4345,2550,2947,infracciones_2019,carriles
2019,6761,"Carriles o vías prohíbidas (tránsito rápido,diferenciado,metrobus)",14829,4641,1046,224,441,362,202,652,4783,218,1597,364,299,infracciones_2019,carriles
2019,6762,"Carriles o vías prohíbidas (ciclovía,contramano en contracarril)",1776,283,284,228,252,358,48,47,87,39,72,50,28,infracciones_2019,otras
2019,6780,Prohib.circular según DIA/HORA/CARAC.VEHIC (vehículos),1233879,44706,76391,70755,162788,166801,33374,250219,15492,76318,75209,156482,105344,infracciones_2019,otras
2019,6781,Prohib.circular según DIA/HORA/CARAC.VEHIC y/u OCUPANTES (moto),50,9,5,2,5,2,2,3,9,2,5,4,2,infracciones_2019,otras
2019,6782,Prohib.circular según DIA/HORA/CARAC.VEHIC y/u OCUPANTES s/norma 5.3.2.i Ley2148 (MOTO),9,1,3,0,0,1,0,3,0,0,1,0,0,infracciones_2019,otras
2019,6800,Nro.ocupantes mayor a capacidad vehiculo,974,185,108,41,100,75,34,73,49,40,79,64,126,infracciones_2019,otras
2019,6820,No respetar lugar asc/desc-acercar a acera/puertas abiertas etc(pasajeros),5262,375,110,182,725,756,468,571,447,476,665,284,203,infracciones_2019,otras
2019,6830,Ocupar lugar no destinado para viajar,29,5,1,1,4,4,1,2,0,3,3,4,1,infracciones_2019,otras
2019,6840,No cumplir norma uso radio/reproductor sonido/fumar/trato al pasajero,261,6,6,2,17,52,13,91,27,25,20,2,0,infracciones_2019,otras
2019,6850,No cumplir norma horario/ropa/requisito vehiculo Tte. pasajero,165,14,3,3,30,13,56,1,37,1,5,1,1,infracciones_2019,otras
2019,6860,No Cumplir Normas s/requisitos Vehículos  Escolares c/habilitación,1,0,0,0,0,0,0,0,0,1,0,0,0,infracciones_2019,otras
2019,6862,Conducir sin poseer la licencia,5740,592,499,448,458,409,435,539,624,478,420,434,404,infracciones_2019,otras
2019,6870,No Cumplir Normas s/requisitos Vehículos de Transporte c/habilitación,256,8,3,2,1,5,5,24,201,2,1,3,1,infracciones_2019,otras
2019,6871,Servicio de Taxis Sin Habilitación,44,1,4,4,4,5,4,11,4,4,1,2,0,infracciones_2019,otras
2019,6872,Servicio de radio taxis que incumpla la normativa legal vigente,1,0,0,0,0,0,0,1,0,0,0,0,0,infracciones_2019,otras
2019,6873,Radio taxi que no este abonado a una estación central o difiera estación abonada,1,0,0,1,0,0,0,0,0,0,0,0,0,infracciones_2019,otras
2019,6875,"Servicio de radio taxi, titular o mandataria que realice promociones o cobre tarifa no autorizada",3,0,0,1,0,1,1,0,0,0,0,0,0,infracciones_2019,otras
2019,6876,No aplicación de la tarifa de taxi vigente,39,0,0,6,1,2,0,5,3,5,0,0,17,infracciones_2019,otras
2019,6877,No Cumplir Normas/requisitos Vehículos de Transporte sin habilitación,78,32,6,3,5,9,5,3,7,3,2,2,1,infracciones_2019,otras
2019,6878,Requisitos de los vehiculos de transporte de carga,159,1,2,0,3,25,19,27,29,8,10,17,18,infracciones_2019,otras
2019,6879,Requisitos de los vehiculos de transporte de carga sin habilitacion,133,12,13,12,29,16,12,6,7,2,4,6,14,infracciones_2019,otras
2019,6880,No cumplir norma  Peso/dimen/permisos/carga descubierta/seguro(carga),49,4,4,0,2,7,3,3,3,1,20,0,2,infracciones_2019,otras
2019,6881,"Transporte de carga (transp.Explosivos, inflamables, animales, etc.)",24,0,2,0,0,1,0,3,1,1,15,1,0,infracciones_2019,otras
2019,6882,Prestacion servicio publico Taxis c/licencia taxi vencida (dentro 360 vencida),119,3,6,6,19,11,9,11,13,11,13,10,7,infracciones_2019,otras
2019,6883,Prestacion servicio publico Taxis c/licencia vencida (mas de 360 vencida),33,0,0,4,3,4,6,0,2,4,6,2,2,infracciones_2019,otras
2019,6890,Carga y descarga fuera de hora/lugar prohibido,1866,273,292,181,267,464,20,36,135,35,62,65,36,infracciones_2019,otras
2019,6900,Estac. lugar prohib./forma indebida/antirreglamentaria,1038057,123080,142193,19543,143841,131282,28586,140957,38355,34290,107168,93626,35136,infracciones_2019,estacionamiento
2019,6906,Detención en Zona Exclusiva de Motos,144,0,16,0,0,45,0,0,0,27,19,37,0,infracciones_2019,estacionamiento
2019,6910,Estac. LUGAR RESERVADO (paradas/garage/ciclovias/carril exclusivo/Micro-Macrocentro/otros),91294,7089,7324,4115,9204,12587,3973,9799,7301,6011,9375,8112,6404,infracciones_2019,estacionamiento
2019,6911,Estacionar en LUGAR RESERVADO Vehíc. Persona discapac./RAMPA discapac.,22997,1552,1700,933,2645,2913,1036,3008,2513,1457,2730,1515,995,infracciones_2019,estacionamiento
2019,6920,Estac. lugar sin ticket/hora vencida,32071,2641,2104,1010,3132,4451,2528,2110,2502,2466,3804,2588,2735,infracciones_2019,estacionamiento
2019,6935,Estacionamiento en areas peatonales,61555,5098,7439,2493,6838,8400,2491,6714,5279,3128,6268,4732,2675,infracciones_2019,estacionamiento
2019,6950,Enseñar conduccion en lugar no autorizado,26,1,2,1,4,1,1,1,1,2,4,7,1,infracciones_2019,estacionamiento
2019,6960,Enseñar conduccion (por Academia) en lugar no autorizado,127,9,4,6,5,18,8,12,8,10,18,15,14,infracciones_2019,estacionamiento
2019,6970,Peaton: No respetar lugar cruce calles/aven./semaforos,58,8,8,2,7,2,1,7,4,0,6,6,7,infracciones_2019,estacionamiento
2019,6980,No respetar indicaciones Autoridad dirige Transito,22231,2182,2268,1221,2718,2666,1372,1788,2028,950,1556,1801,1681,infracciones_2019,estacionamiento
2019,7001,Infraccion regimen motovehiculos,7827,1326,1011,520,725,761,381,396,481,331,496,732,667,infracciones_2019,alcohol_otros
2019,7002,Circular con acompañante que no usa el  CHALECO reflectante obligatorio (MOTO),3104,571,411,191,277,328,162,174,228,158,170,247,187,infracciones_2019,alcohol_otros
2019,7010,Circular sin utilizar Antiparras (Moto/Ciclomotor/motoneta),8,2,1,0,2,1,0,0,0,0,1,0,1,infracciones_2019,alcohol_otros
2019,7021,(Ciclorodado) Regimen ciclorodados y dipositivos de movilidad personal,851,11,5,5,49,137,88,168,173,48,49,62,56,infracciones_2019,alcohol_otros
2019,7030,Incumplir Normas Tte.Privado pasajeros/Alquiler auto s/chofer,8,0,1,2,0,0,2,1,1,0,1,0,0,infracciones_2019,alcohol_otros
2019,7045,Obstruccion de estacionamiento y/o circulacion,26555,3708,3358,331,3871,3820,293,4629,887,390,2879,2040,349,infracciones_2019,alcohol_otros
2019,7050,Violar Luz Roja,72095,8469,6381,2840,5760,8763,4964,6590,6357,3591,6091,6594,5695,infracciones_2019,alcohol_otros
2019,7062,Negarse a someterse al control de alcoholemia/estupefac/otra sustancia similar (conductor/acompaña),195,15,11,13,26,17,23,22,17,11,10,15,15,infracciones_2019,alcohol
2019,7063,Contribución a conducción peligrosa.,14,2,1,0,3,2,0,0,1,3,0,1,1,infracciones_2019,alcohol_otros
2019,7064,Utilizar en infraccion cartel/credencial/documento sobre franquicia transito/estacionamiento,2845,250,241,134,258,380,246,311,218,112,195,238,262,infracciones_2019,alcohol_otros
2019,7065,Uso indebido de luces,1431,235,151,53,183,274,102,65,87,97,117,46,21,infracciones_2019,alcohol_otros
2019,7066,Utilizacion de luces prohibidas,575,89,41,13,57,101,52,33,58,52,46,26,7,infracciones_2019,alcohol_otros
2019,7530,Circular en Infraccion Normas regulan servicio Remise/Escolares/Taxi,212,15,185,1,2,3,0,4,0,0,1,1,0,infracciones_2019,alcohol_otros
2019,7540,No cumplir Norma de habilitacion tecnica Remise/Escolares/Taxi,1,0,0,0,0,1,0,0,0,0,0,0,0,infracciones_2019,alcohol_otros
2019,7551,Alteraciones en el reloj taxímetro (titular y/o mandataria),1,0,0,0,0,0,0,0,1,0,0,0,0,infracciones_2019,alcohol_otros
2019,8080,Abandonar vehiculo en la via publica,339,0,83,52,67,36,36,42,12,1,6,1,3,infracciones_2019,otras
2019,8880,Incumplimiento de identificacion de conductor,241,27,57,15,40,31,19,12,15,9,11,5,0,infracciones_2019,otras
2019,8884,Señalizacion de obras,17,0,0,0,0,3,1,7,2,2,1,1,0,infracciones_2019,otras
2019,8885,"Paradas, otras señales y simbolos",31,2,2,1,3,0,1,4,1,6,4,2,5,infracciones_2019,otras
2019,8886,Conductores principiantes,19,1,2,0,1,2,5,4,0,0,0,2,2,infracciones_2019,otras
2019,8900,No respetar límite velocidad Ley Nacional 24449,3,0,0,0,0,0,0,0,2,1,0,0,0,infracciones_2019,otras
2019,8910,Violación de Barreras Ferroviarias - Particular,382,36,28,11,13,29,18,16,19,12,42,87,71,infracciones_2019,otras
2019,8911,Violación de Barreras Ferroviarias - Transporte,17,5,0,1,1,1,0,1,3,3,0,1,1,infracciones_2019,otras
2019,8914,Empresa de radio taxi sin habilitación,12,0,0,0,4,2,0,1,2,0,0,3,0,infracciones_2019,otras
2019,8915,Otorgamiento de viajes de manera no autorizada,13,2,2,0,0,0,1,0,0,0,0,8,0,infracciones_2019,otras
2019,8916,Habilitación de empresa de radio taxi vencida (mas de 30 y hasta 180 días),3,0,0,1,0,0,0,0,0,1,0,1,0,infracciones_2019,otras
2019,8917,Habilitación de empresa de radio taxi vencida (de 180 y hasta 360 días),1,0,0,0,0,0,1,0,0,0,0,0,0,infracciones_2019,otras
2019,8919,Asignación de viajes de radio taxi sin autorización,1,0,0,0,0,0,0,0,0,0,0,0,1,infracciones_2019,otras
2019,8920,Asignación de viajes de radio taxi a vehículos sin licencias de taxis (quien asigne viajes),1,0,0,0,0,0,1,0,0,0,0,0,0,infracciones_2019,otras
2019,8924,Incumplimiento a la autorización para funcionar como radio taxi,1,0,0,0,0,0,0,0,0,0,0,0,1,infracciones_2019,otras
2019,8926,Nomina de abonados (prestar servicio con menor cantidad de abonados),9,1,0,1,0,1,1,1,1,2,0,0,1,infracciones_2019,otras
2019,8930,Horario estación central,1,0,0,0,0,0,0,0,1,0,0,0,0,infracciones_2019,otras
2019,8935,Taxi con cartelería sin abono,2,0,0,0,0,0,0,0,0,1,1,0,0,infracciones_2019,otras
2019,8938,Equipo no homologado (titular y/o responsable abonado a una empresa),1,0,0,0,0,0,0,0,0,0,0,1,0,infracciones_2019,otras
2019,8942,"Taxi , transp escolar, remise, vehic fantasia , otro sin autorizacion",2064,296,233,154,100,121,349,264,149,67,74,127,130,infracciones_2019,otras
2019,8943,Vehic transporte pasajeros no cumple con VTV,172,12,16,22,11,16,23,11,14,13,14,11,9,infracciones_2019,otras
2019,8944,Vehic transporte pasajeros en infraccion,912,25,68,29,134,105,76,170,111,8,40,101,45,infracciones_2019,otras
2020,1111,Expediente Infraccion de Transito,4707,957,807,281,713,228,107,70,88,174,181,468,633,infracciones_2020,otras
2020,1149,Otras infracciones de transito,5,1,0,1,0,0,0,0,1,0,0,2,0,infracciones_2020,otras
2020,2014,Cruzar vias ferreas en contravencion (transportes),1,0,0,0,0,0,0,0,1,0,0,0,0,infracciones_2020,otras
2020,6100,Conducir sin portar la licencia,2617,349,252,187,32,35,53,76,120,258,363,451,441,infracciones_2020,documentacion
2020,6105,Falta de licencia o documentación o inhabilitado (transporte público),68,16,7,11,3,4,1,0,2,3,4,12,5,infracciones_2020,otras
2020,6110,Permitir conducir sin Licencia o Inhabilitado (titular/transporte),9,1,2,4,0,0,0,0,0,0,0,2,0,infracciones_2020,otras
2020,6120,Conducir con Licencia Vencida o Caduca,1713,364,244,123,36,33,39,65,87,148,205,205,164,infracciones_2020,documentacion
2020,6121,"Permitir conducir con licencia o documentación vencida (titular, mandataria o responsable)",160,22,19,14,0,1,2,10,21,29,16,10,16,infracciones_2020,otras
2020,6122,Licencia o documentación habilitante vencida (transporte público),69,27,7,12,5,4,2,1,3,1,1,5,1,infracciones_2020,otras
2020,6130,Conducir sin anteojos o lentes contacto segun Licencia,35,9,11,6,0,1,0,0,1,0,2,2,3,infracciones_2020,otras
2020,6140,Conducir c/licencia conductor No Correspondiente,1039,173,100,64,7,12,11,27,21,77,192,179,176,infracciones_2020,otras
2020,6150,Permitir Conducir c/licencia conductor No Correspondiente(titular/transporte),23,4,0,2,1,1,0,0,0,3,9,1,2,infracciones_2020,otras
2020,6160,Permitir o Facilitar manejo persona sin edad s/tipo vehiculo,10,2,0,1,1,0,2,1,2,0,0,0,1,infracciones_2020,otras
2020,6161,Exhibición de documentación (no exhibir ced verde vigente a nombre del tit  o ced azul de conductor),6071,828,554,464,136,180,177,198,610,519,839,902,664,infracciones_2020,documentacion
2020,6162,"Exceso de Velocidad + de 140 Km/h (taxis, pasajeros, escolares o remises)",24,1,1,0,0,2,3,2,6,2,5,0,2,infracciones_2020,otras
2020,6163,"Exceso de Velocidad mas de 20Km/h en Calle o Avenida (taxis, pasajeros, escolares, remises)",83,59,12,1,8,3,0,0,0,0,0,0,0,infracciones_2020,otras
2020,6164,"Exceso de Velocidad en màs de 40Km/h en vías rápidas (taxis, pasajeros, escolares o remises)",23,11,2,3,6,1,0,0,0,0,0,0,0,infracciones_2020,otras
2020,6166,Vehiculo Transporte de sustancias alimenticias sin habilitaciòn,4,1,1,0,0,1,0,0,0,0,0,0,1,infracciones_2020,otras
2020,6167,"Obstruccion de via (en carriles exclusivos y/o, metrobus y premetro)",1341,70,86,39,8,12,33,28,582,127,149,89,118,infracciones_2020,otras
2020,6168,"Titular o responsable vehiculo transporte de escolares que dañe, altere o retire disp de alcoholemia",2,0,1,0,0,0,0,0,0,0,1,0,0,infracciones_2020,alcohol
2020,6171,Obstruir LUGAR RESERVADO Vehíc. Persona discapac./RAMPA discapac.,349,35,41,27,1,12,48,12,26,47,44,40,16,infracciones_2020,otras
2020,6172,Obstruccion de circulacion al transito,52,13,3,2,1,2,0,2,2,12,7,3,5,infracciones_2020,otras
2020,6180,No exhibir documentacion sobre transporte de sustancias peligrosas,13,1,3,1,0,0,0,0,1,1,3,3,0,infracciones_2020,otras
2020,6181,Conductor vehiculo con taximetro que se negara sin justificacion a transportar pasajero,9,5,0,2,1,0,0,0,0,0,1,0,0,infracciones_2020,otras
2020,6183,Cond vehiculo con taximetro que no porte ficha identif del titular de la licencia o la del conductor,13,11,0,1,0,0,0,0,0,0,0,1,0,infracciones_2020,otras
2020,6184,Titular vehiculo de carga exceda peso maximo por eje,4,0,2,0,0,0,1,0,1,0,0,0,0,infracciones_2020,otras
2020,6185,Carga y descarga (propietario y/o responsable del comercio),453,3,2,4,0,0,0,0,313,0,69,30,32,infracciones_2020,otras
2020,6186,"Violacion de semaforo (taxis, escolares , pasajeros, remises. Prestando servicio)",2225,588,539,256,43,61,46,56,101,120,135,157,123,infracciones_2020,otras
2020,6187,"Negativa de someterse a control (taxis, escolares , pasajeros, remises. Prestando servicio)",3,0,0,1,0,0,0,0,1,0,0,1,0,infracciones_2020,alcohol
2020,6190,Falta poliza seguro contra terceros,3072,420,282,204,56,62,69,121,137,356,437,510,418,infracciones_2020,otras
2020,6191,Falta poliza seguro contra terceros (no cuente),3073,461,256,285,91,90,100,99,214,326,423,454,274,infracciones_2020,otras
2020,6200,Placas dominio. Falta/antirreglamentarias/mal estado,11521,1847,1338,797,150,188,336,246,1876,933,1619,1219,972,infracciones_2020,otras
2020,6220,Circular con Placas de OTRO dominio.,13,3,2,1,0,0,1,0,2,1,1,2,0,infracciones_2020,otras
2020,6230,Circular con equipo Antiradar o Antifoto,59,27,8,6,0,0,3,0,3,0,2,9,1,infracciones_2020,otras
2020,6240,Revision tecnica No porte certificado,1271,93,82,76,3,12,8,48,145,167,146,241,250,infracciones_2020,otras
2020,6241,Revision tecnica (no realizarla o certificado vencido),4926,476,387,324,21,27,57,179,329,643,589,934,960,infracciones_2020,otras
2020,6242,Incumplimiento grabado de autopartes (Titular/Tomador),43,5,4,8,0,6,3,3,1,2,6,3,2,infracciones_2020,otras
2020,6243,Incumplimiento grabado de autopartes (Gestor /Mandat /Concesionaria /Intermediario ),1,0,0,0,0,0,0,0,0,0,1,0,0,infracciones_2020,otras
2020,6250,Frenos/Luces/elementos seguridad Falta o Deficientes,1558,348,349,393,5,10,26,9,31,62,140,110,75,infracciones_2020,otras
2020,6270,No uso cinturon de seguridad,9448,3486,2128,1134,66,115,91,151,211,317,307,544,898,infracciones_2020,otras
2020,6271,Menores de edad en asiento trasero SIN dispositivo retencion infantil o SIN acompañante mayor,4,0,0,0,0,0,0,0,1,0,0,3,0,infracciones_2020,otras
2020,6272,Sistemas o dispositivos de retencion infantil,608,190,188,57,3,1,9,5,14,38,33,47,23,infracciones_2020,otras
2020,6290,"Dispositivo control gases, Falta /Mal funcionamiento",6,1,2,1,0,0,0,0,0,0,1,1,0,infracciones_2020,otras
2020,6310,Verter liquido combustible o aguas servidas,7,4,0,0,1,0,0,0,0,0,0,1,1,infracciones_2020,otras
2020,6330,Dispositivo de control de ruido y silenciador Falta /Mal funcionamiento,45,3,9,32,0,0,0,0,0,1,0,0,0,infracciones_2020,otras
2020,6350,Uso indebido e bocina,308,66,71,30,0,9,11,12,19,19,23,23,25,infracciones_2020,otras
2020,6370,Colocacion Bocinas o sirenas antirreglamentarias,16,2,3,9,0,0,0,0,0,1,1,0,0,infracciones_2020,otras
2020,6390,Uso Paragolpe antirreglamentario,29,10,4,3,0,1,0,0,2,1,3,5,0,infracciones_2020,otras
2020,6410,Falta Paragolpe,51,16,6,4,0,0,1,0,3,6,5,6,4,infracciones_2020,otras
2020,6430,Uso de Vidrios tonalizados antirreglamentarios,131,16,42,12,2,8,5,3,6,6,7,16,8,infracciones_2020,otras
2020,6450,"Falta/sin vision, Espejos Retrovisores",1663,234,166,120,17,27,34,26,289,125,231,209,185,infracciones_2020,otras
2020,6470,Falta Tapa Combustible,10,4,0,1,0,0,0,0,2,0,0,3,0,infracciones_2020,otras
2020,6490,Conducir utilizando Celular / Auriculares / Reproductor de video,61685,13092,11494,7374,778,1144,2036,2036,3621,6156,4858,5191,3905,infracciones_2020,otras
2020,6492,Conductor redactando/enviando mensaje de texto,11760,2688,2281,1481,267,225,291,393,639,1246,782,796,671,infracciones_2020,otras
2020,6501,Permitir Viajar personas impedidas en asiento delantero,5268,1407,1188,502,10,19,57,85,215,441,454,551,339,infracciones_2020,velocidad
2020,6525,Exceso Velocidad hasta 10Km/h de la Máxima permitida para el tipo de arteria,29280,10122,7722,109,5242,6082,0,2,1,0,0,0,0,infracciones_2020,velocidad
2020,6526,Exceso Velocidad más de 10Km/h y hasta 20Km/h de la Máxima permitida para el tipo de arteria,15696,6291,3470,32,2444,3448,4,3,4,0,0,0,0,infracciones_2020,velocidad
2020,6527,Exceso Velocidad hasta 20Km/h de la Máxima permitida en vías rápidas,274951,98133,100764,13479,48976,13327,9,257,4,2,0,0,0,infracciones_2020,velocidad
2020,6528,Exceso Velocidad más de 20Km/h y hasta 40Km/h de la Máxima permitida en vías rápidas,29126,10705,9845,2510,4548,1503,0,15,0,0,0,0,0,infracciones_2020,velocidad
2020,6529,Exceso Velocidad más 20Km de la Máxima permitida para el tipo de arteria y hasta 140 km/h,3095,1605,428,62,325,674,0,0,0,0,1,0,0,infracciones_2020,velocidad
2020,6530,Exceso Velocidad más de 40Km/h de la Máxima permitida en vías rápidas y hasta 140 km/h,2012,715,696,162,319,113,0,0,0,0,1,6,0,infracciones_2020,velocidad
2020,6531,Exceso Velocidad más de 140Km/h,2056,109,94,16,42,184,343,149,287,119,366,0,347,infracciones_2020,velocidad
2020,6534,Exceso de velocidad de 0 a 10% ms de la velocidad permitida,253640,0,2,9,0,29237,87560,51757,56438,7586,3234,0,17817,infracciones_2020,velocidad
2020,6535,Exceso de velocidad de 10% a 30% ms de la velocidad permitida,695855,0,0,10,0,54928,186086,103551,122402,52457,93567,0,82854,infracciones_2020,velocidad
2020,6536,Exceso de velocidad de 30% mas de la velocidad permitida hasta 140Km/h  (Particulares),108425,0,0,3,1,7191,29573,14474,19921,12323,13688,5,11246,infracciones_2020,velocidad
2020,6537,Exceso de velocidad de 30% mas de la velocidad permitida hasta 140Km/h  (Tte.Pasajeros),3165,0,0,13,0,260,810,310,548,461,483,1,279,infracciones_2020,velocidad
2020,6540,Circulación en sentido contrario,8274,382,314,210,20,30,63,50,4649,128,1074,629,725,infracciones_2020,velocidad
2020,6552,Servicio mensajería/reparto en Motovehiculo sin hab /hab vencida /excede límite del objeto,1,0,0,0,0,0,0,0,0,1,0,0,0,infracciones_2020,velocidad
2020,6560,Invasión parcial de vías,56,14,8,6,0,1,0,4,2,1,4,14,2,infracciones_2020,velocidad
2020,6580,No respetar carriles/Maniobras Peligrosas,7790,1517,1170,709,137,163,256,300,519,710,867,638,804,infracciones_2020,velocidad
2020,6600,Girar a izquierda/derecha en lugar prohibido,6136,1468,955,678,68,115,175,241,383,349,570,681,453,infracciones_2020,otras
2020,6620,No respetar paso o cartel PARE en bocacalle,39,17,5,4,0,0,0,0,3,2,1,5,2,infracciones_2020,otras
2020,6640,Marcha atras en forma indebida,2651,32,29,17,4,3,9,8,1699,15,390,192,253,infracciones_2020,otras
2020,6660,Forzar barrera/evadir pago peaje autopista,163215,506,739,445,3750,2015,4,47804,24932,59595,2754,29,20642,infracciones_2020,peajes
2020,6670,Infrigir normas Transporte Sustancias Peligrosas,1,0,1,0,0,0,0,0,0,0,0,0,0,infracciones_2020,otras
2020,6680,Obstruir vía Transversal/Ciclovía/Vereda/Estac. reservado,1325,112,279,123,2,48,62,29,83,187,162,151,87,infracciones_2020,otras
2020,6700,No ceder Paso a Polic/Bombe/Ambula/Serv.Pub.o Urgen.,24,8,5,2,0,0,0,2,2,1,1,1,2,infracciones_2020,otras
2020,6720,Interrumpir Filas Escolares,7,0,0,0,0,0,0,1,1,0,0,5,0,infracciones_2020,otras
2020,6740,No respetar Senda Peatonal/Paso Peaton,15916,1029,1076,343,47,49,1116,369,5934,423,2412,787,2331,infracciones_2020,otras
2020,6760,Circular por Zona/Carril o c/peso/poten./tamaño Prohibido,19276,5935,2007,1231,1112,4658,2365,1450,34,54,144,143,143,infracciones_2020,carriles
2020,6761,"Carriles o vías prohíbidas (tránsito rápido,diferenciado,metrobus)",89533,382,885,146,1016,29,38,16549,10425,21295,13943,174,24651,infracciones_2020,carriles
2020,6762,"Carriles o vías prohíbidas (ciclovía,contramano en contracarril)",2431,35,28,18,5,2,10,2,987,105,418,408,413,infracciones_2020,otras
2020,6780,Prohib.circular según DIA/HORA/CARAC.VEHIC (vehículos),346283,153895,72836,26452,83078,7161,96,1847,546,294,29,29,20,infracciones_2020,otras
2020,6781,Prohib.circular según DIA/HORA/CARAC.VEHIC y/u OCUPANTES (moto),94,3,2,2,9,5,6,16,18,21,4,7,1,infracciones_2020,otras
2020,6782,Prohib.circular según DIA/HORA/CARAC.VEHIC y/u OCUPANTES s/norma 5.3.2.i Ley2148 (MOTO),18,0,1,3,0,2,0,5,1,2,2,2,0,infracciones_2020,otras
2020,6800,Nro.ocupantes mayor a capacidad vehiculo,548,196,177,50,2,0,4,8,7,16,22,36,30,infracciones_2020,otras
2020,6820,No respetar lugar asc/desc-acercar a acera/puertas abiertas etc(pasajeros),696,304,220,68,21,17,20,12,4,7,3,17,3,infracciones_2020,otras
2020,6830,Ocupar lugar no destinado para viajar,25,5,4,1,1,0,1,1,2,1,1,6,2,infracciones_2020,otras
2020,6840,No cumplir norma uso radio/reproductor sonido/fumar/trato al pasajero,23,4,3,3,0,5,3,0,0,2,1,2,0,infracciones_2020,otras
2020,6850,No cumplir norma horario/ropa/requisito vehiculo Tte. pasajero,6,2,2,0,0,0,1,0,0,0,0,1,0,infracciones_2020,otras
2020,6862,Conducir sin poseer la licencia,4561,578,405,335,129,121,140,165,309,516,645,694,524,infracciones_2020,otras
2020,6870,No Cumplir Normas s/requisitos Vehículos de Transporte c/habilitación,25,1,1,3,1,1,5,5,4,1,2,1,0,infracciones_2020,otras
2020,6871,Servicio de Taxis Sin Habilitación,8,2,1,0,1,0,1,0,0,0,0,3,0,infracciones_2020,otras
2020,6873,Radio taxi que no este abonado a una estación central o difiera estación abonada,1,0,0,0,0,0,0,0,0,0,1,0,0,infracciones_2020,otras
2020,6875,"Servicio de radio taxi, titular o mandataria que realice promociones o cobre tarifa no autorizada",6,5,0,1,0,0,0,0,0,0,0,0,0,infracciones_2020,otras
2020,6876,No aplicación de la tarifa de taxi vigente,19,11,1,6,0,0,0,0,0,1,0,0,0,infracciones_2020,otras
2020,6877,No Cumplir Normas/requisitos Vehículos de Transporte sin habilitación,20,4,4,7,1,0,1,0,0,0,0,3,0,infracciones_2020,otras
2020,6878,Requisitos de los vehiculos de transporte de carga,36,8,10,1,1,0,0,0,1,2,1,3,9,infracciones_2020,otras
2020,6879,Requisitos de los vehiculos de transporte de carga sin habilitacion,30,9,3,5,0,1,0,0,0,4,2,5,1,infracciones_2020,otras
2020,6880,No cumplir norma  Peso/dimen/permisos/carga descubierta/seguro(carga),19,4,0,3,0,1,0,3,1,3,2,2,0,infracciones_2020,otras
2020,6881,"Transporte de carga (transp.Explosivos, inflamables, animales, etc.)",5,0,1,2,1,1,0,0,0,0,0,0,0,infracciones_2020,otras
2020,6882,Prestacion servicio publico Taxis c/licencia taxi vencida (dentro 360 vencida),25,7,3,6,1,1,1,0,1,2,1,1,1,infracciones_2020,otras
2020,6883,Prestacion servicio publico Taxis c/licencia vencida (mas de 360 vencida),11,3,4,1,2,0,1,0,0,0,0,0,0,infracciones_2020,otras
2020,6890,Carga y descarga fuera de hora/lugar prohibido,2308,43,39,34,1,6,10,12,1407,30,381,158,187,infracciones_2020,otras
2020,6900,Estac. lugar prohib./forma indebida/antirreglamentaria,334215,51187,141241,17701,12942,6200,3271,2393,31785,7927,20339,22058,17171,infracciones_2020,estacionamiento
2020,6910,Estac. LUGAR RESERVADO (paradas/garage/ciclovias/carril exclusivo/Micro-Macrocentro/otros),76176,7022,6578,3408,1354,1394,3435,2746,17495,6614,9539,7119,9472,infracciones_2020,estacionamiento
2020,6911,Estacionar en LUGAR RESERVADO Vehíc. Persona discapac./RAMPA discapac.,10233,1616,1239,674,459,291,476,395,850,980,1259,91,1903,infracciones_2020,estacionamiento
2020,6920,Estac. lugar sin ticket/hora vencida,5341,2140,1868,1205,0,0,2,13,2,3,4,102,2,infracciones_2020,estacionamiento
2020,6935,Estacionamiento en areas peatonales,36036,4533,4345,1842,1455,1362,1763,1410,6625,2174,4181,1258,5088,infracciones_2020,estacionamiento
2020,6950,Enseñar conduccion en lugar no autorizado,19,2,4,2,0,0,1,0,0,1,1,5,3,infracciones_2020,estacionamiento
2020,6960,Enseñar conduccion (por Academia) en lugar no autorizado,40,10,7,4,0,1,4,0,3,2,4,2,3,infracciones_2020,estacionamiento
2020,6970,Peaton: No respetar lugar cruce calles/aven./semaforos,25,6,5,2,0,2,0,0,5,1,0,2,2,infracciones_2020,estacionamiento
2020,6980,No respetar indicaciones Autoridad dirige Transito,8821,1602,1444,812,79,201,354,367,674,833,809,970,676,infracciones_2020,estacionamiento
2020,6990,No respetar indicaciones Autoridad dirige Transito(carga/pasajeros),1,0,0,0,0,0,0,0,1,0,0,0,0,infracciones_2020,estacionamiento
2020,7001,Infraccion regimen motovehiculos,4276,742,571,358,33,54,79,65,778,243,418,506,429,infracciones_2020,alcohol_otros
2020,7002,Circular con acompañante que no usa el  CHALECO reflectante obligatorio (MOTO),1218,213,146,93,7,13,22,18,254,52,128,134,138,infracciones_2020,alcohol_otros
2020,7010,Circular sin utilizar Antiparras (Moto/Ciclomotor/motoneta),3,0,0,0,1,0,0,0,1,0,0,1,0,infracciones_2020,alcohol_otros
2020,7021,(Ciclorodado) Regimen ciclorodados y dipositivos de movilidad personal,204,63,62,41,2,1,3,0,2,9,3,14,4,infracciones_2020,alcohol_otros
2020,7022,(Dispositivo movilidad personal) Regimen ciclorodados y dipositivos de movilidad personal,26,0,0,2,1,2,1,3,2,6,5,1,3,infracciones_2020,alcohol_otros
2020,7030,Incumplir Normas Tte.Privado pasajeros/Alquiler auto s/chofer,2,0,0,1,0,0,0,1,0,0,0,0,0,infracciones_2020,alcohol_otros
2020,7045,Obstruccion de estacionamiento y/o circulacion,8121,533,4195,332,503,93,131,222,283,322,482,85,940,infracciones_2020,alcohol_otros
2020,7050,Violar Luz Roja,36223,5949,5102,2558,192,388,1909,1014,6198,1950,4030,2652,4281,infracciones_2020,alcohol_otros
2020,7062,Negarse a someterse al control de alcoholemia/estupefac/otra sustancia similar (conductor/acompaña),103,21,24,15,0,1,3,4,1,5,2,15,12,infracciones_2020,alcohol
2020,7063,Contribución a conducción peligrosa.,19,4,1,1,0,0,0,0,3,1,2,3,4,infracciones_2020,alcohol_otros
2020,7064,Utilizar en infraccion cartel/credencial/documento sobre franquicia transito/estacionamiento,1259,276,257,106,7,19,32,21,65,96,149,125,106,infracciones_2020,alcohol_otros
2020,7065,Uso indebido de luces,441,105,110,77,4,2,25,5,17,16,34,32,14,infracciones_2020,alcohol_otros
2020,7066,Utilizacion de luces prohibidas,230,19,34,26,3,5,9,3,22,32,30,27,20,infracciones_2020,alcohol_otros
2020,7540,No cumplir Norma de habilitacion tecnica Remise/Escolares/Taxi,1,1,0,0,0,0,0,0,0,0,0,0,0,infracciones_2020,alcohol_otros
2020,8080,Abandonar vehiculo en la via publica,6,2,0,0,0,1,0,0,1,0,0,2,0,infracciones_2020,otras
2020,8880,Incumplimiento de identificacion de conductor,514,26,14,6,8,80,156,57,88,56,23,0,0,infracciones_2020,otras
2020,8884,Señalizacion de obras,16,0,1,0,0,0,0,11,0,3,0,0,1,infracciones_2020,otras
2020,8885,"Paradas, otras señales y simbolos",29,5,6,2,0,0,7,2,2,2,2,1,0,infracciones_2020,otras
2020,8886,Conductores principiantes,3,0,1,1,0,0,0,0,0,0,0,0,1,infracciones_2020,otras
2020,8910,Violación de Barreras Ferroviarias - Particular,246,42,39,32,0,2,8,1,12,27,22,29,32,infracciones_2020,otras
2020,8911,Violación de Barreras Ferroviarias - Transporte,15,0,4,7,0,0,1,1,0,1,1,0,0,infracciones_2020,otras
2020,8916,Habilitación de empresa de radio taxi vencida (mas de 30 y hasta 180 días),3,1,0,1,0,1,0,0,0,0,0,0,0,infracciones_2020,otras
2020,8919,Asignación de viajes de radio taxi sin autorización,1,1,0,0,0,0,0,0,0,0,0,0,0,infracciones_2020,otras
2020,8926,Nomina de abonados (prestar servicio con menor cantidad de abonados),1,0,0,0,0,0,0,1,0,0,0,0,0,infracciones_2020,otras
2020,8937,Servicio de radio taxi sin abono,1,1,0,0,0,0,0,0,0,0,0,0,0,infracciones_2020,otras
2020,8939,Equipo no homologado (quien preste servicios sin haber verificado y/o registrado ante la Autoridad,1,0,0,0,0,0,0,0,0,0,0,0,1,infracciones_2020,otras
2020,8942,"Taxi , transp escolar, remise, vehic fantasia , otro sin autorizacion",1441,258,165,110,1,0,1,17,22,74,529,242,22,infracciones_2020,otras
2020,8943,Vehic transporte pasajeros no cumple con VTV,41,7,6,8,0,6,0,1,3,5,0,4,1,infracciones_2020,otras
2020,8944,Vehic transporte pasajeros en infraccion,148,80,36,15,0,0,0,0,1,1,6,7,2,infracciones_2020,otras
2021,6535,Exceso de velocidad de 10% a 30% ms de la velocidad permitida,1250987,25690,13709,9392,17603,7454,231617,218452,133276,387986,40820,99688,65300,infracciones_2021,velocidad
2021,6534,Exceso de velocidad de 0 a 10% ms de la velocidad permitida,716589,12137,7361,5842,8845,3030,92133,124383,91466,252797,25272,53797,39526,infracciones_2021,velocidad
2021,6660,Forzar barrera/evadir pago peaje autopista,251123,13230,8775,19849,18502,3904,67341,50832,20311,22700,2631,14471,8577,infracciones_2021,peajes
2021,6536,Exceso de velocidad de 30% mas de la velocidad permitida hasta 140Km/h  (Particulares),219851,3564,1854,1128,4335,997,27065,24637,20800,99005,7962,15966,12538,infracciones_2021,velocidad
2021,6900,Estac. lugar prohib./forma indebida/antirreglamentaria,218691,18085,13765,21080,13425,6581,11043,8751,19566,22426,26578,23250,34141,infracciones_2021,estacionamiento
2021,6761,"Carriles o vías prohíbidas (tránsito rápido,diferenciado,metrobus)",163485,27790,13259,24177,18165,6032,20650,14750,4107,14069,10151,9443,892,infracciones_2021,carriles
2021,6910,Estac. LUGAR RESERVADO (paradas/garage/ciclovias/carril exclusivo/Micro-Macrocentro/otros),78658,8791,6735,8854,6249,2736,6185,5559,5278,6193,8940,6156,6982,infracciones_2021,estacionamiento
2021,6490,Conducir utilizando Celular / Auriculares / Reproductor de video,41426,6998,4034,5137,2597,1729,1374,1585,2649,3796,3672,3722,4133,infracciones_2021,otras
2021,6935,Estacionamiento en areas peatonales,32139,3588,3223,3315,2540,311,2620,2315,1905,2651,3859,2795,3017,infracciones_2021,estacionamiento
2021,7050,Violar Luz Roja,25275,3606,2600,2737,2033,1009,1591,1296,1226,1909,2383,2255,2630,infracciones_2021,alcohol_otros
2021,6241,Revision tecnica (no realizarla o certificado vencido),18003,1727,874,1328,431,816,1197,1393,1932,1675,2002,1593,3035,infracciones_2021,otras
2021,6920,Estac. lugar sin ticket/hora vencida,15847,2,4,1070,424,10,3,3,1565,2468,3655,2988,3655,infracciones_2021,estacionamiento
2021,6200,Placas dominio. Falta/antirreglamentarias/mal estado,13210,1418,1030,1368,810,660,1057,1034,1080,1168,1185,1179,1221,infracciones_2021,otras
2021,6911,Estacionar en LUGAR RESERVADO Vehíc. Persona discapac./RAMPA discapac.,12406,907,746,780,875,45,1107,933,617,1072,2169,1532,1623,infracciones_2021,estacionamiento
2021,6740,No respetar Senda Peatonal/Paso Peaton,10298,1257,1209,1430,1104,260,1095,805,417,306,935,681,799,infracciones_2021,otras
2021,6980,No respetar indicaciones Autoridad dirige Transito,9439,1173,726,958,409,354,547,480,772,914,982,1001,1123,infracciones_2021,estacionamiento
2021,6492,Conductor redactando/enviando mensaje de texto,8729,1302,744,1054,591,364,269,316,536,913,891,880,869,infracciones_2021,otras
2021,6161,Exhibición de documentación (no exhibir ced verde vigente a nombre del tit  o ced azul de conductor),7799,817,721,884,506,471,724,729,745,632,549,525,496,infracciones_2021,documentacion
2021,6600,Girar a izquierda/derecha en lugar prohibido,7619,1092,803,975,334,231,314,357,450,706,782,729,846,infracciones_2021,otras
2021,6580,No respetar carriles/Maniobras Peligrosas,7271,892,636,677,363,186,442,356,465,693,918,836,807,infracciones_2021,velocidad
2021,6862,Conducir sin poseer la licencia,6521,800,628,770,508,476,599,570,561,510,459,367,273,infracciones_2021,otras
2021,6537,Exceso de velocidad de 30% mas de la velocidad permitida hasta 140Km/h  (Tte.Pasajeros),6127,86,95,35,197,27,671,349,566,3003,237,467,394,infracciones_2021,velocidad
2021,6501,Permitir Viajar personas impedidas en asiento delantero,5513,807,431,667,285,147,209,256,444,554,571,555,587,infracciones_2021,velocidad
2021,6760,Circular por Zona/Carril o c/peso/poten./tamaño Prohibido,5325,251,84,177,213,193,260,264,670,275,1615,245,1078,infracciones_2021,carriles
2021,6190,Falta poliza seguro contra terceros,5094,534,401,446,264,243,435,504,457,489,484,415,422,infracciones_2021,otras
2021,7045,Obstruccion de estacionamiento y/o circulacion,4944,397,266,320,274,15,416,391,257,409,775,596,828,infracciones_2021,alcohol_otros
2021,7001,Infraccion regimen motovehiculos,4897,613,398,645,319,175,273,258,419,333,457,504,503,infracciones_2021,alcohol_otros
2021,6540,Circulación en sentido contrario,4663,767,807,1021,374,91,123,106,130,206,342,323,373,infracciones_2021,velocidad
2021,6100,Conducir sin portar la licencia,4656,503,348,414,229,280,398,426,400,358,440,410,450,infracciones_2021,documentacion
2021,6270,No uso cinturon de seguridad,3956,661,899,468,140,95,53,93,122,242,405,342,436,infracciones_2021,otras
2021,6191,Falta poliza seguro contra terceros (no cuente),3430,433,301,399,221,199,285,266,289,290,273,241,233,infracciones_2021,otras
2021,6680,Obstruir vía Transversal/Ciclovía/Vereda/Estac. reservado,3185,328,141,247,429,78,110,153,135,345,279,459,481,infracciones_2021,otras
2021,1111,Expediente Infraccion de Transito,3143,153,131,158,268,259,239,271,466,350,331,210,307,infracciones_2021,otras
2021,6762,"Carriles o vías prohíbidas (ciclovía,contramano en contracarril)",2526,448,285,328,134,104,106,91,192,222,230,201,185,infracciones_2021,otras
2021,6450,"Falta/sin vision, Espejos Retrovisores",2246,218,198,235,168,135,265,244,230,173,137,130,113,infracciones_2021,otras
2021,6140,Conducir c/licencia conductor No Correspondiente,2193,184,161,187,144,188,274,292,219,173,161,117,93,infracciones_2021,otras
2021,6531,Exceso Velocidad más de 140Km/h,2127,69,38,46,41,19,285,292,109,903,114,127,84,infracciones_2021,velocidad
2021,6240,Revision tecnica No porte certificado,1884,275,103,162,53,89,79,134,166,185,235,178,225,infracciones_2021,otras
2021,7064,Utilizar en infraccion cartel/credencial/documento sobre franquicia transito/estacionamiento,1668,193,75,97,38,42,45,71,105,178,168,264,392,infracciones_2021,alcohol_otros
2021,7002,Circular con acompañante que no usa el  CHALECO reflectante obligatorio (MOTO),1500,211,110,118,57,39,80,166,177,138,146,110,148,infracciones_2021,alcohol_otros
2021,6120,Conducir con Licencia Vencida o Caduca,1451,204,159,125,77,106,108,132,126,121,107,99,87,infracciones_2021,documentacion
2021,6186,"Violacion de semaforo (taxis, escolares , pasajeros, remises. Prestando servicio)",1326,204,168,209,67,39,51,66,39,139,95,135,114,infracciones_2021,otras
2021,8880,Incumplimiento de identificacion de conductor,1168,68,36,21,40,11,308,261,96,282,14,28,3,infracciones_2021,otras
2021,6640,Marcha atras en forma indebida,1118,232,229,296,119,7,5,2,12,31,43,68,74,infracciones_2021,otras
2021,6171,Obstruir LUGAR RESERVADO Vehíc. Persona discapac./RAMPA discapac.,1028,40,16,35,19,13,10,12,21,89,206,267,300,infracciones_2021,otras
2021,8942,"Taxi , transp escolar, remise, vehic fantasia , otro sin autorizacion",996,6,8,8,23,213,73,193,136,96,109,72,59,infracciones_2021,otras
2021,6167,"Obstruccion de via (en carriles exclusivos y/o, metrobus y premetro)",935,103,152,144,71,42,53,78,34,61,42,88,67,infracciones_2021,otras
2021,6890,Carga y descarga fuera de hora/lugar prohibido,912,188,152,246,110,10,13,6,30,17,32,59,49,infracciones_2021,otras
2021,6780,Prohib.circular según DIA/HORA/CARAC.VEHIC (vehículos),707,27,21,33,14,302,229,8,13,10,21,18,11,infracciones_2021,otras
2021,6272,Sistemas o dispositivos de retencion infantil,419,61,39,59,41,11,14,25,26,21,46,33,43,infracciones_2021,otras
2021,6350,Uso indebido e bocina,344,26,24,28,16,15,17,23,20,40,43,51,41,infracciones_2021,otras
2021,6552,Servicio mensajería/reparto en Motovehiculo sin hab /hab vencida /excede límite del objeto,312,0,0,0,0,0,0,0,0,155,79,47,31,infracciones_2021,velocidad
2021,6800,Nro.ocupantes mayor a capacidad vehiculo,301,43,23,34,13,5,11,18,16,23,35,41,39,infracciones_2021,otras
2021,6250,Frenos/Luces/elementos seguridad Falta o Deficientes,283,62,25,27,22,7,16,14,18,22,27,27,16,infracciones_2021,otras
2021,7062,Negarse a someterse al control de alcoholemia/estupefac/otra sustancia similar (conductor/acompaña),259,24,14,18,8,16,9,24,34,32,32,21,27,infracciones_2021,alcohol
2021,6820,No respetar lugar asc/desc-acercar a acera/puertas abiertas etc(pasajeros),230,21,17,12,20,2,12,2,8,17,24,46,49,infracciones_2021,otras
2021,8910,Violación de Barreras Ferroviarias - Particular,215,46,12,16,6,2,1,12,17,29,38,13,23,infracciones_2021,otras
2021,6330,Dispositivo de control de ruido y silenciador Falta /Mal funcionamiento,192,12,7,5,22,23,0,0,0,22,0,101,0,infracciones_2021,otras
2021,6185,Carga y descarga (propietario y/o responsable del comercio),185,35,25,59,30,0,0,0,8,5,8,9,6,infracciones_2021,otras
2021,6172,Obstruccion de circulacion al transito,144,8,0,10,1,1,3,2,6,7,26,38,42,infracciones_2021,otras
2021,6430,Uso de Vidrios tonalizados antirreglamentarios,111,8,9,4,6,0,7,6,5,14,17,14,21,infracciones_2021,otras
2021,6525,Exceso Velocidad hasta 10Km/h de la Máxima permitida para el tipo de arteria,108,0,0,89,15,0,0,1,1,0,1,1,0,infracciones_2021,velocidad
2021,8885,"Paradas, otras señales y simbolos",104,0,0,1,0,2,1,1,1,0,14,31,53,infracciones_2021,otras
2021,7066,Utilizacion de luces prohibidas,99,22,3,16,11,6,4,8,8,3,5,9,4,infracciones_2021,alcohol_otros
2021,6970,Peaton: No respetar lugar cruce calles/aven./semaforos,98,3,0,3,1,0,1,0,7,7,13,34,29,infracciones_2021,estacionamiento
2021,6560,Invasión parcial de vías,94,3,4,2,2,2,4,1,2,12,13,16,33,infracciones_2021,velocidad
2021,6700,No ceder Paso a Polic/Bombe/Ambula/Serv.Pub.o Urgen.,78,3,1,0,2,1,4,3,4,1,28,8,23,infracciones_2021,otras
2021,8943,Vehic transporte pasajeros no cumple con VTV,78,2,6,0,3,3,2,21,16,2,10,6,7,infracciones_2021,otras
2021,6130,Conducir sin anteojos o lentes contacto segun Licencia,70,7,4,1,4,2,1,8,4,10,12,9,8,infracciones_2021,otras
2021,7065,Uso indebido de luces,70,7,4,9,11,10,7,2,5,6,3,4,2,infracciones_2021,alcohol_otros
2021,6781,Prohib.circular según DIA/HORA/CARAC.VEHIC y/u OCUPANTES (moto),68,4,9,8,2,14,9,6,5,6,1,2,2,infracciones_2021,otras
2021,6620,No respetar paso o cartel PARE en bocacalle,63,0,4,2,1,0,3,1,1,25,12,5,9,infracciones_2021,otras
2021,6410,Falta Paragolpe,55,11,1,2,6,5,3,2,2,4,8,3,8,infracciones_2021,otras
2021,6782,Prohib.circular según DIA/HORA/CARAC.VEHIC y/u OCUPANTES s/norma 5.3.2.i Ley2148 (MOTO),53,2,18,22,3,3,0,0,0,0,0,1,4,infracciones_2021,otras
2021,6877,No Cumplir Normas/requisitos Vehículos de Transporte sin habilitación,53,0,6,0,1,24,1,0,3,0,5,1,12,infracciones_2021,otras
2021,6720,Interrumpir Filas Escolares,52,0,1,1,0,0,0,1,2,6,7,25,9,infracciones_2021,otras
2021,6122,Licencia o documentación habilitante vencida (transporte público),50,3,2,9,7,4,2,0,2,2,7,3,9,infracciones_2021,otras
2021,6150,Permitir Conducir c/licencia conductor No Correspondiente(titular/transporte),50,3,3,6,9,2,9,3,4,2,3,5,1,infracciones_2021,otras
2021,6242,Incumplimiento grabado de autopartes (Titular/Tomador),47,5,2,5,6,3,1,3,1,6,3,2,10,infracciones_2021,otras
2021,6121,"Permitir conducir con licencia o documentación vencida (titular, mandataria o responsable)",45,12,2,8,4,5,0,0,2,1,5,4,2,infracciones_2021,otras
2021,6879,Requisitos de los vehiculos de transporte de carga sin habilitacion,44,2,3,14,0,2,3,7,1,1,9,1,1,infracciones_2021,otras
2021,7063,Contribución a conducción peligrosa.,43,7,1,7,4,2,2,4,1,4,8,1,2,infracciones_2021,alcohol_otros
2021,8944,Vehic transporte pasajeros en infraccion,39,1,1,0,0,1,2,15,9,3,2,1,4,infracciones_2021,otras
2021,6280,"Limitador de velocidad, Falta / Funciona incorrectamente",38,0,0,1,0,1,3,5,3,8,6,3,8,infracciones_2021,otras
2021,7010,Circular sin utilizar Antiparras (Moto/Ciclomotor/motoneta),35,1,0,0,0,0,0,0,0,3,5,12,14,infracciones_2021,alcohol_otros
2021,6882,Prestacion servicio publico Taxis c/licencia taxi vencida (dentro 360 vencida),34,0,1,4,4,1,1,13,8,1,1,0,0,infracciones_2021,otras
2021,6105,Falta de licencia o documentación o inhabilitado (transporte público),33,0,10,0,3,4,0,1,2,3,2,3,5,infracciones_2021,otras
2021,6526,Exceso Velocidad más de 10Km/h y hasta 20Km/h de la Máxima permitida para el tipo de arteria,33,0,0,26,4,1,0,1,1,0,0,0,0,infracciones_2021,velocidad
2021,6830,Ocupar lugar no destinado para viajar,33,6,2,2,0,0,1,0,4,5,5,3,5,infracciones_2021,otras
2021,6960,Enseñar conduccion (por Academia) en lugar no autorizado,32,10,8,4,5,0,0,0,3,0,0,1,1,infracciones_2021,estacionamiento
2021,6180,No exhibir documentacion sobre transporte de sustancias peligrosas,30,0,2,5,0,1,3,0,1,3,4,4,7,infracciones_2021,otras
2021,6160,Permitir o Facilitar manejo persona sin edad s/tipo vehiculo,29,0,0,0,1,2,0,1,3,1,13,3,5,infracciones_2021,otras
2021,6950,Enseñar conduccion en lugar no autorizado,27,2,3,1,3,2,0,4,2,2,4,2,2,infracciones_2021,estacionamiento
2021,6169,"Conductor que dañe, altere o retire dispositivo",26,2,0,0,0,3,2,1,0,3,2,6,7,infracciones_2021,otras
2021,6230,Circular con equipo Antiradar o Antifoto,26,3,11,0,0,3,0,0,1,1,0,2,5,infracciones_2021,otras
2021,6187,"Negativa de someterse a control (taxis, escolares , pasajeros, remises. Prestando servicio)",24,2,1,0,2,2,2,0,1,2,6,3,3,infracciones_2021,alcohol
2021,6110,Permitir conducir sin Licencia o Inhabilitado (titular/transporte),22,0,3,0,1,5,1,2,5,1,1,1,2,infracciones_2021,otras
2021,6880,No cumplir norma  Peso/dimen/permisos/carga descubierta/seguro(carga),22,0,2,1,0,2,2,2,1,0,4,3,5,infracciones_2021,otras
2021,7021,(Ciclorodado) Regimen ciclorodados y dipositivos de movilidad personal,21,1,4,2,2,4,2,3,3,0,0,0,0,infracciones_2021,alcohol_otros
2021,6370,Colocacion Bocinas o sirenas antirreglamentarias,20,1,1,7,2,4,0,1,1,0,1,2,0,infracciones_2021,otras
2021,6290,"Dispositivo control gases, Falta /Mal funcionamiento",19,1,2,1,2,2,1,0,0,1,4,1,4,infracciones_2021,otras
2021,6166,Vehiculo Transporte de sustancias alimenticias sin habilitaciòn,16,0,0,1,0,7,0,0,1,0,2,3,2,infracciones_2021,otras
2021,6310,Verter liquido combustible o aguas servidas,16,0,4,1,2,2,0,0,2,2,1,1,1,infracciones_2021,otras
2021,6220,Circular con Placas de OTRO dominio.,13,3,2,0,1,1,0,1,0,0,3,2,0,infracciones_2021,otras
2021,7022,(Dispositivo movilidad personal) Regimen ciclorodados y dipositivos de movilidad personal,13,3,6,4,0,0,0,0,0,0,0,0,0,infracciones_2021,alcohol_otros
2021,6390,Uso Paragolpe antirreglamentario,12,1,1,1,1,0,1,1,1,1,2,2,0,infracciones_2021,otras
2021,6470,Falta Tapa Combustible,12,0,0,1,1,1,0,1,1,3,0,3,1,infracciones_2021,otras
2021,6271,Menores de edad en asiento trasero SIN dispositivo retencion infantil o SIN acompañante mayor,11,0,0,1,1,0,0,2,0,0,1,2,4,infracciones_2021,otras
2021,6527,Exceso Velocidad hasta 20Km/h de la Máxima permitida en vías rápidas,11,1,0,0,0,0,3,2,0,5,0,0,0,infracciones_2021,velocidad
2021,6883,Prestacion servicio publico Taxis c/licencia vencida (mas de 360 vencida),11,0,0,0,1,0,0,5,4,1,0,0,0,infracciones_2021,otras
2021,6870,No Cumplir Normas s/requisitos Vehículos de Transporte c/habilitación,10,0,0,2,0,2,0,2,1,0,0,2,1,infracciones_2021,otras
2021,6878,Requisitos de los vehiculos de transporte de carga,9,0,2,0,1,0,2,0,0,0,2,2,0,infracciones_2021,otras
2021,8911,Violación de Barreras Ferroviarias - Transporte,9,0,0,0,1,0,1,1,1,0,2,0,3,infracciones_2021,otras
2021,6542,Asignar viaje a Repartidor/Mensajero con habilitac.vencida/habilitac.vehíc. vencida,6,0,1,0,0,0,0,0,0,4,1,0,0,infracciones_2021,velocidad
2021,6850,No cumplir norma horario/ropa/requisito vehiculo Tte. pasajero,6,2,1,0,0,1,0,2,0,0,0,0,0,infracciones_2021,otras
2021,6881,"Transporte de carga (transp.Explosivos, inflamables, animales, etc.)",6,2,0,1,1,0,0,0,1,0,1,0,0,infracciones_2021,otras
2021,8886,Conductores principiantes,6,0,1,1,1,0,0,0,0,1,0,2,0,infracciones_2021,otras
2021,6162,"Exceso de Velocidad + de 140 Km/h (taxis, pasajeros, escolares o remises)",5,0,1,0,0,0,0,1,0,1,1,1,0,infracciones_2021,otras
2021,6840,No cumplir norma uso radio/reproductor sonido/fumar/trato al pasajero,5,0,1,1,1,0,0,0,1,0,0,0,1,infracciones_2021,otras
2021,6871,Servicio de Taxis Sin Habilitación,5,0,1,0,0,1,0,2,1,0,0,0,0,infracciones_2021,otras
2021,8884,Señalizacion de obras,5,1,0,0,0,0,0,0,0,0,0,2,2,infracciones_2021,otras
2021,6181,Conductor vehiculo con taximetro que se negara sin justificacion a transportar pasajero,4,0,1,2,0,0,0,0,0,0,0,0,1,infracciones_2021,otras
2021,6551,Servicio mensajería/reparto en ciclorodado sin hab/ hab vencida/ excede límite del objeto de aquella,4,0,0,0,0,0,0,0,0,4,0,0,0,infracciones_2021,velocidad
2021,1149,Otras infracciones de transito,3,0,0,0,0,0,0,1,0,0,1,0,1,infracciones_2021,otras
2021,6529,Exceso Velocidad más 20Km de la Máxima permitida para el tipo de arteria y hasta 140 km/h,3,0,0,1,2,0,0,0,0,0,0,0,0,infracciones_2021,velocidad
2021,6549,No utilizar la identificación con número de habilitación/indumentaria con bandas reflectivas,3,0,0,0,0,0,0,0,0,1,0,0,2,infracciones_2021,velocidad
2021,6168,"Titular o responsable vehiculo transporte de escolares que dañe, altere o retire disp de alcoholemia",2,0,0,0,0,0,0,1,0,0,1,0,0,infracciones_2021,alcohol
2021,6183,Cond vehiculo con taximetro que no porte ficha identif del titular de la licencia o la del conductor,2,1,1,0,0,0,0,0,0,0,0,0,0,infracciones_2021,otras
2021,6243,Incumplimiento grabado de autopartes (Gestor /Mandat /Concesionaria /Intermediario ),2,0,0,1,0,0,0,0,0,0,1,0,0,infracciones_2021,otras
2021,6528,Exceso Velocidad más de 20Km/h y hasta 40Km/h de la Máxima permitida en vías rápidas,2,0,0,1,0,0,1,0,0,0,0,0,0,infracciones_2021,velocidad
2021,6530,Exceso Velocidad más de 40Km/h de la Máxima permitida en vías rápidas y hasta 140 km/h,2,0,1,0,0,0,0,0,1,0,0,0,0,infracciones_2021,velocidad
2021,6541,Asignar viaje a Repartidor/Mensajero no habilitado/vehíc no habilitado/habilitación no vigente,2,0,0,0,0,0,0,0,0,0,0,1,1,infracciones_2021,velocidad
2021,6548,Realizar servicio mensajería/reparto a domicilio con vehículo no autorizado y/o con acompañantes,2,0,0,0,0,0,0,0,0,2,0,0,0,infracciones_2021,velocidad
2021,6670,Infrigir normas Transporte Sustancias Peligrosas,2,0,0,0,0,0,0,0,1,0,1,0,0,infracciones_2021,otras
2021,6861,No Cumplir Normas  s/requisitos Vehículos Escolares sin habilitación,2,0,0,0,0,0,1,0,0,0,0,0,1,infracciones_2021,otras
2021,8924,Incumplimiento a la autorización para funcionar como radio taxi,2,0,0,0,0,0,0,0,0,0,0,0,2,infracciones_2021,otras
2021,8926,Nomina de abonados (prestar servicio con menor cantidad de abonados),2,0,0,0,0,0,0,1,1,0,0,0,0,infracciones_2021,otras
2021,8939,Equipo no homologado (quien preste servicios sin haber verificado y/o registrado ante la Autoridad,2,0,0,0,0,0,0,0,0,0,0,1,1,infracciones_2021,otras
2021,1693,Infrac normas regulan circulac.motos,1,0,0,0,0,0,0,0,0,0,0,1,0,infracciones_2021,otras
2021,6163,"Exceso de Velocidad mas de 20Km/h en Calle o Avenida (taxis, pasajeros, escolares, remises)",1,0,0,0,0,0,0,1,0,0,0,0,0,infracciones_2021,otras
2021,6164,"Exceso de Velocidad en màs de 40Km/h en vías rápidas (taxis, pasajeros, escolares o remises)",1,0,0,0,0,0,0,0,1,0,0,0,0,infracciones_2021,otras
2021,6165,Trans de sustancias peligrosas (no exhibir corresp insc en Reg de Transportistas segun norm vigente),1,0,0,0,0,0,0,0,0,0,1,0,0,infracciones_2021,otras
2021,6182,Cond vehiculo con taximetro que se negara a interrumpir func del mecanismo y/o disp de publicidad,1,0,0,0,0,0,0,1,0,0,0,0,0,infracciones_2021,otras
2021,6184,Titular vehiculo de carga exceda peso maximo por eje,1,0,0,0,0,0,0,0,0,0,0,0,1,infracciones_2021,otras
2021,6555,No aplicación de la tarifa de taxi vigente s/art 12.5.9 CTyT,1,0,0,0,0,0,0,0,1,0,0,0,0,infracciones_2021,velocidad
2021,6873,Radio taxi que no este abonado a una estación central o difiera estación abonada,1,0,0,0,0,0,0,0,0,0,0,1,0,infracciones_2021,otras
2021,6876,No aplicación de la tarifa de taxi vigente,1,0,1,0,0,0,0,0,0,0,0,0,0,infracciones_2021,otras
2021,7530,Circular en Infraccion Normas regulan servicio Remise/Escolares/Taxi,1,0,0,0,0,0,0,0,1,0,0,0,0,infracciones_2021,alcohol_otros
2021,8914,Empresa de radio taxi sin habilitación,1,0,0,1,0,0,0,0,0,0,0,0,0,infracciones_2021,otras
2021,8920,Asignación de viajes de radio taxi a vehículos sin licencias de taxis (quien asigne viajes),1,0,0,0,0,0,0,0,1,0,0,0,0,infracciones_2021,otras
2021,8936,Eliminación señales de radio taxi,1,1,0,0,0,0,0,0,0,0,0,0,0,infracciones_2021,otras
2022,6535,Exceso de velocidad de 10% a 30% ms de la velocidad permitida,649229,34148,53634,85861,50736,53968,39249,43563,46065,66997,75984,47475,51549,infracciones_2022,velocidad
2022,6660,Forzar barrera/evadir pago peaje autopista,413201,11260,6336,17795,2165,26636,51035,57206,76160,21000,77,103203,40328,infracciones_2022,peajes
2022,6900,Estac. lugar prohib./forma indebida/antirreglamentaria,400988,21628,21200,26307,33638,36645,33391,37339,40435,44196,31907,34438,39864,infracciones_2022,estacionamiento
2022,6534,Exceso de velocidad de 0 a 10% ms de la velocidad permitida,186958,22353,31794,50772,32755,34067,14558,498,61,41,29,16,14,infracciones_2022,velocidad
2022,6761,"Carriles o vías prohíbidas (tránsito rápido,diferenciado,metrobus)",143534,5323,5904,2367,161,3522,27215,27487,36000,6548,178,18935,9894,infracciones_2022,carriles
2022,6910,Estac. LUGAR RESERVADO (paradas/garage/ciclovias/carril exclusivo/Micro-Macrocentro/otros),85831,5809,3598,6122,5374,10785,8014,7936,8855,8653,5676,6962,8047,infracciones_2022,estacionamiento
2022,6536,Exceso de velocidad de 30% mas de la velocidad permitida hasta 140Km/h  (Particulares),73776,5090,7327,16387,6167,7073,3337,3493,3468,6044,6563,4171,4656,infracciones_2022,velocidad
2022,6490,Conducir utilizando Celular / Auriculares / Reproductor de video,60765,3552,5269,10901,7359,5798,3462,2259,3074,4289,4237,5357,5208,infracciones_2022,otras
2022,7050,Violar Luz Roja,47401,1659,2619,2785,3735,3943,4047,4049,4918,5075,3791,6157,4623,infracciones_2022,alcohol_otros
2022,6740,No respetar Senda Peatonal/Paso Peaton,43753,416,569,748,635,728,708,5714,6182,7360,9627,5279,5787,infracciones_2022,otras
2022,6935,Estacionamiento en areas peatonales,36352,2199,1689,3324,1708,4393,3100,3106,3306,3758,2470,3471,3828,infracciones_2022,estacionamiento
2022,6760,Circular por Zona/Carril o c/peso/poten./tamaño Prohibido,33704,3570,157,139,5062,4709,2285,7340,4682,1326,1162,2192,1080,infracciones_2022,carriles
2022,6200,Placas dominio. Falta/antirreglamentarias/mal estado,21833,1025,1169,2138,1891,1862,1829,1674,2189,2171,1913,1933,2039,infracciones_2022,otras
2022,6241,Revision tecnica (no realizarla o certificado vencido),19977,1650,1039,1761,1710,1581,1369,1364,1895,2036,1913,1810,1849,infracciones_2022,otras
2022,6911,Estacionar en LUGAR RESERVADO Vehíc. Persona discapac./RAMPA discapac.,19095,1227,728,1507,856,2523,1741,1781,1607,2009,1500,1814,1802,infracciones_2022,estacionamiento
2022,6920,Estac. lugar sin ticket/hora vencida,18776,3069,3327,3098,2529,1826,489,1162,177,6,4,1729,1360,infracciones_2022,estacionamiento
2022,6980,No respetar indicaciones Autoridad dirige Transito,13166,671,866,1140,1020,1178,1056,943,1165,1254,1153,1387,1333,infracciones_2022,estacionamiento
2022,6580,No respetar carriles/Maniobras Peligrosas,10737,680,691,877,798,1083,913,819,900,1036,928,1069,943,infracciones_2022,velocidad
2022,6600,Girar a izquierda/derecha en lugar prohibido,10482,685,901,905,878,810,816,900,912,957,805,1006,907,infracciones_2022,otras
2022,6492,Conductor redactando/enviando mensaje de texto,10245,701,1058,1924,1465,728,565,394,498,705,660,806,741,infracciones_2022,otras
2022,6270,No uso cinturon de seguridad,10068,312,539,2240,1516,2083,942,245,324,429,383,495,560,infracciones_2022,otras
2022,7045,Obstruccion de estacionamiento y/o circulacion,9307,585,339,687,538,1123,958,767,1009,1001,799,768,733,infracciones_2022,alcohol_otros
2022,6501,Permitir Viajar personas impedidas en asiento delantero,8987,510,1000,1690,1429,806,544,447,433,535,512,618,463,infracciones_2022,velocidad
2022,6680,Obstruir vía Transversal/Ciclovía/Vereda/Estac. reservado,7849,306,309,412,428,715,643,717,851,756,732,954,1026,infracciones_2022,otras
2022,6970,Peaton: No respetar lugar cruce calles/aven./semaforos,7327,16,13,21,301,2786,3965,27,36,39,33,53,37,infracciones_2022,estacionamiento
2022,6161,Exhibición de documentación (no exhibir ced verde vigente a nombre del tit  o ced azul de conductor),7041,436,382,460,524,546,541,533,701,777,714,726,701,infracciones_2022,documentacion
2022,6120,Conducir con Licencia Vencida o Caduca,6238,76,64,141,242,424,497,562,826,927,807,854,818,infracciones_2022,documentacion
2022,7064,Utilizar en infraccion cartel/credencial/documento sobre franquicia transito/estacionamiento,6163,207,251,275,348,418,318,326,852,821,647,869,831,infracciones_2022,alcohol_otros
2022,7462,Conducir con nivel alcohol mayor 0.5 y menor 1 gr/Lt/sangre (vehículo),5677,166,435,806,489,436,551,461,609,437,696,325,266,infracciones_2022,alcohol
2022,7001,Infraccion regimen motovehiculos,5596,354,481,519,512,476,349,321,414,494,469,628,579,infracciones_2022,alcohol_otros
2022,6100,Conducir sin portar la licencia,5470,335,276,410,413,469,441,386,506,597,515,531,591,infracciones_2022,documentacion
2022,6190,Falta poliza seguro contra terceros,5316,334,301,447,456,471,392,368,437,571,550,484,505,infracciones_2022,otras
2022,6540,Circulación en sentido contrario,5197,248,320,447,485,521,432,437,443,446,487,467,464,infracciones_2022,velocidad
2022,6171,Obstruir LUGAR RESERVADO Vehíc. Persona discapac./RAMPA discapac.,5132,123,214,466,398,506,437,556,489,483,521,521,418,infracciones_2022,otras
2022,6862,Conducir sin poseer la licencia,4289,244,259,368,343,359,331,330,406,464,454,375,356,infracciones_2022,otras
2022,6186,"Violacion de semaforo (taxis, escolares , pasajeros, remises. Prestando servicio)",3882,83,117,162,309,253,351,487,479,597,283,408,353,infracciones_2022,otras
2022,1111,Expediente Infraccion de Transito,3762,916,183,163,18,42,208,776,651,130,185,272,218,infracciones_2022,otras
2022,6191,Falta poliza seguro contra terceros (no cuente),2516,181,172,214,197,217,186,212,243,249,230,210,205,infracciones_2022,otras
2022,6762,"Carriles o vías prohíbidas (ciclovía,contramano en contracarril)",2460,143,171,173,180,271,170,250,215,222,169,250,246,infracciones_2022,otras
2022,6537,Exceso de velocidad de 30% mas de la velocidad permitida hasta 140Km/h  (Tte.Pasajeros),2306,150,150,399,283,454,78,51,59,270,171,117,124,infracciones_2022,velocidad
2022,8880,Incumplimiento de identificacion de conductor,1902,175,233,427,233,182,125,156,154,154,50,12,1,infracciones_2022,otras
2022,6450,"Falta/sin vision, Espejos Retrovisores",1820,67,89,129,116,129,103,108,148,269,209,211,242,infracciones_2022,otras
2022,6240,Revision tecnica No porte certificado,1708,186,103,190,154,134,110,104,164,166,127,133,137,infracciones_2022,otras
2022,6350,Uso indebido e bocina,1597,19,170,514,330,129,117,66,57,55,48,40,52,infracciones_2022,otras
2022,6140,Conducir c/licencia conductor No Correspondiente,1210,60,87,77,84,78,70,75,120,145,136,153,125,infracciones_2022,otras
2022,6890,Carga y descarga fuera de hora/lugar prohibido,1152,30,47,69,72,96,158,125,111,89,104,139,112,infracciones_2022,otras
2022,7002,Circular con acompañante que no usa el  CHALECO reflectante obligatorio (MOTO),1022,86,87,117,83,78,51,44,75,97,107,94,103,infracciones_2022,alcohol_otros
2022,6167,"Obstruccion de via (en carriles exclusivos y/o, metrobus y premetro)",970,32,84,90,55,88,68,80,96,88,84,95,110,infracciones_2022,otras
2022,6820,No respetar lugar asc/desc-acercar a acera/puertas abiertas etc(pasajeros),946,53,30,82,109,99,96,59,161,59,74,101,23,infracciones_2022,otras
2022,6250,Frenos/Luces/elementos seguridad Falta o Deficientes,900,17,71,225,108,20,48,48,40,68,75,71,109,infracciones_2022,otras
2022,6640,Marcha atras en forma indebida,891,34,78,105,87,90,85,71,81,68,72,63,57,infracciones_2022,otras
2022,7065,Uso indebido de luces,856,4,5,23,321,249,207,15,4,12,9,4,3,infracciones_2022,alcohol_otros
2022,8885,"Paradas, otras señales y simbolos",832,21,27,21,33,54,45,100,113,126,75,101,116,infracciones_2022,otras
2022,6330,Dispositivo de control de ruido y silenciador Falta /Mal funcionamiento,794,62,3,57,1,26,107,123,164,37,50,33,131,infracciones_2022,otras
2022,6531,Exceso Velocidad más de 140Km/h,786,40,75,80,59,62,35,63,45,76,89,85,77,infracciones_2022,velocidad
2022,6272,Sistemas o dispositivos de retencion infantil,712,38,96,193,114,44,17,29,36,52,27,36,30,infracciones_2022,otras
2022,6172,Obstruccion de circulacion al transito,629,9,31,33,44,72,55,66,52,75,49,70,73,infracciones_2022,otras
2022,6800,Nro.ocupantes mayor a capacidad vehiculo,615,54,88,86,75,40,28,36,31,44,44,45,44,infracciones_2022,otras
2022,6430,Uso de Vidrios tonalizados antirreglamentarios,566,16,15,36,122,91,102,35,28,34,37,36,14,infracciones_2022,otras
2022,8942,"Taxi , transp escolar, remise, vehic fantasia , otro sin autorizacion",503,55,68,49,49,39,20,29,45,62,40,35,12,infracciones_2022,otras
2022,7463,Conducir con nivel alcohol mayor 0.2 y menor 1 gr/Lt/sangre (Moto),444,15,46,61,38,45,34,28,43,23,49,24,38,infracciones_2022,alcohol
2022,6720,Interrumpir Filas Escolares,407,1,5,45,26,45,47,16,54,52,56,47,13,infracciones_2022,otras
2022,8943,Vehic transporte pasajeros no cumple con VTV,371,5,3,1,10,8,16,14,22,50,41,51,150,infracciones_2022,otras
2022,8910,Violación de Barreras Ferroviarias - Particular,344,16,24,12,16,21,18,46,37,49,38,39,28,infracciones_2022,otras
2022,7062,Negarse a someterse al control de alcoholemia/estupefac/otra sustancia similar (conductor/acompaña),310,22,26,32,28,19,23,26,29,29,31,24,21,infracciones_2022,alcohol
2022,6560,Invasión parcial de vías,281,12,24,14,32,23,43,25,27,23,22,23,13,infracciones_2022,velocidad
2022,7464,Conducir con nivel alcohol mayor 0.0 y menor 1 gr/Lt/sangre (Tte Pasajeros/Carga/principiante),260,5,29,25,27,23,24,18,23,20,22,21,23,infracciones_2022,alcohol
2022,6130,Conducir sin anteojos o lentes contacto segun Licencia,227,2,4,8,13,10,15,18,27,31,27,38,34,infracciones_2022,otras
2022,6185,Carga y descarga (propietario y/o responsable del comercio),188,15,12,12,8,21,18,17,13,10,20,16,26,infracciones_2022,otras
2022,6370,Colocacion Bocinas o sirenas antirreglamentarias,173,18,0,17,0,11,22,13,48,11,4,9,20,infracciones_2022,otras
2022,6552,Servicio mensajería/reparto en Motovehiculo sin hab /hab vencida /excede límite del objeto,147,14,4,10,18,20,15,5,24,26,5,6,0,infracciones_2022,velocidad
2022,6780,Prohib.circular según DIA/HORA/CARAC.VEHIC (vehículos),145,13,5,6,10,12,10,36,8,23,9,8,5,infracciones_2022,otras
2022,7010,Circular sin utilizar Antiparras (Moto/Ciclomotor/motoneta),130,6,5,7,10,13,5,8,6,20,12,17,21,infracciones_2022,alcohol_otros
2022,6830,Ocupar lugar no destinado para viajar,125,7,7,13,7,5,11,11,13,13,11,20,7,infracciones_2022,otras
2022,6879,Requisitos de los vehiculos de transporte de carga sin habilitacion,116,3,0,10,9,13,36,8,2,0,9,17,9,infracciones_2022,otras
2022,6700,No ceder Paso a Polic/Bombe/Ambula/Serv.Pub.o Urgen.,110,13,10,4,19,13,8,11,9,6,7,4,6,infracciones_2022,otras
2022,7066,Utilizacion de luces prohibidas,100,6,4,6,17,14,10,8,11,9,9,2,4,infracciones_2022,alcohol_otros
2022,6620,No respetar paso o cartel PARE en bocacalle,91,5,15,5,10,6,9,6,11,2,9,6,7,infracciones_2022,otras
2022,6410,Falta Paragolpe,65,5,9,5,6,3,10,5,2,6,3,4,7,infracciones_2022,otras
2022,6781,Prohib.circular según DIA/HORA/CARAC.VEHIC y/u OCUPANTES (moto),58,3,3,1,6,8,3,6,3,6,3,13,3,infracciones_2022,otras
2022,6122,Licencia o documentación habilitante vencida (transporte público),51,3,0,5,5,0,1,7,2,10,4,6,8,infracciones_2022,otras
2022,6169,"Conductor que dañe, altere o retire dispositivo",49,9,0,3,5,2,6,3,10,5,0,5,1,infracciones_2022,otras
2022,6230,Circular con equipo Antiradar o Antifoto,44,3,5,1,4,10,2,4,5,1,2,1,6,infracciones_2022,otras
2022,7063,Contribución a conducción peligrosa.,44,1,5,2,5,5,5,2,0,3,3,3,10,infracciones_2022,alcohol_otros
2022,6390,Uso Paragolpe antirreglamentario,43,3,2,3,2,2,2,5,7,6,6,2,3,infracciones_2022,otras
2022,8884,Señalizacion de obras,41,0,7,1,3,3,5,2,6,5,2,1,6,infracciones_2022,otras
2022,6271,Menores de edad en asiento trasero SIN dispositivo retencion infantil o SIN acompañante mayor,39,1,1,3,6,6,20,0,1,0,0,1,0,infracciones_2022,otras
2022,8944,Vehic transporte pasajeros en infraccion,38,3,3,0,0,5,1,0,3,3,8,9,3,infracciones_2022,otras
2022,6121,"Permitir conducir con licencia o documentación vencida (titular, mandataria o responsable)",36,1,0,2,1,3,3,3,3,6,4,5,5,infracciones_2022,otras
2022,6280,"Limitador de velocidad, Falta / Funciona incorrectamente",36,2,0,0,3,4,2,2,2,6,7,5,3,infracciones_2022,otras
2022,6242,Incumplimiento grabado de autopartes (Titular/Tomador),35,2,5,1,3,4,0,3,4,5,3,2,3,infracciones_2022,otras
2022,6880,No cumplir norma  Peso/dimen/permisos/carga descubierta/seguro(carga),35,0,3,1,4,2,1,3,2,3,6,4,6,infracciones_2022,otras
2022,6187,"Negativa de someterse a control (taxis, escolares , pasajeros, remises. Prestando servicio)",34,0,3,4,6,1,2,1,6,3,1,1,6,infracciones_2022,alcohol
2022,6220,Circular con Placas de OTRO dominio.,34,2,3,1,3,4,1,2,5,5,3,3,2,infracciones_2022,otras
2022,6878,Requisitos de los vehiculos de transporte de carga,34,0,2,1,1,1,1,1,1,1,3,5,17,infracciones_2022,otras
2022,6180,No exhibir documentacion sobre transporte de sustancias peligrosas,33,2,2,3,2,1,2,1,3,4,5,4,4,infracciones_2022,otras
2022,6150,Permitir Conducir c/licencia conductor No Correspondiente(titular/transporte),29,2,1,0,2,0,2,2,1,3,3,7,6,infracciones_2022,otras
2022,6950,Enseñar conduccion en lugar no autorizado,29,2,2,1,1,4,4,3,3,1,2,6,0,infracciones_2022,estacionamiento
2022,6290,"Dispositivo control gases, Falta /Mal funcionamiento",27,6,1,5,4,2,4,0,0,0,1,1,3,infracciones_2022,otras
2022,6782,Prohib.circular según DIA/HORA/CARAC.VEHIC y/u OCUPANTES s/norma 5.3.2.i Ley2148 (MOTO),27,0,2,1,2,6,0,1,2,4,1,8,0,infracciones_2022,otras
2022,6850,No cumplir norma horario/ropa/requisito vehiculo Tte. pasajero,24,0,0,0,1,1,0,1,19,2,0,0,0,infracciones_2022,otras
2022,6960,Enseñar conduccion (por Academia) en lugar no autorizado,23,5,1,3,1,2,1,1,3,0,2,2,2,infracciones_2022,estacionamiento
2022,6105,Falta de licencia o documentación o inhabilitado (transporte público),22,1,0,0,3,2,2,2,2,1,5,1,3,infracciones_2022,otras
2022,6160,Permitir o Facilitar manejo persona sin edad s/tipo vehiculo,22,9,1,0,2,3,0,0,1,0,3,0,3,infracciones_2022,otras
2022,8911,Violación de Barreras Ferroviarias - Transporte,20,2,1,1,5,0,2,1,1,4,0,1,2,infracciones_2022,otras
2022,6184,Titular vehiculo de carga exceda peso maximo por eje,19,0,0,0,2,1,0,5,1,2,0,6,2,infracciones_2022,otras
2022,7469,Afectar calzada c/evento/obra (incumple manual señalizacion vial transitoria),17,0,0,0,3,3,1,2,3,1,1,1,2,infracciones_2022,alcohol_otros
2022,6840,No cumplir norma uso radio/reproductor sonido/fumar/trato al pasajero,13,1,1,2,0,0,1,1,1,0,1,3,2,infracciones_2022,otras
2022,7021,(Ciclorodado) Regimen ciclorodados y dipositivos de movilidad personal,13,1,3,2,1,1,1,1,1,0,2,0,0,infracciones_2022,alcohol_otros
2022,6310,Verter liquido combustible o aguas servidas,12,3,1,2,1,1,0,2,0,1,0,1,0,infracciones_2022,otras
2022,6470,Falta Tapa Combustible,12,1,0,1,2,0,3,1,1,2,0,1,0,infracciones_2022,otras
2022,6166,Vehiculo Transporte de sustancias alimenticias sin habilitaciòn,11,2,0,1,4,3,0,1,0,0,0,0,0,infracciones_2022,otras
2022,6870,No Cumplir Normas s/requisitos Vehículos de Transporte c/habilitación,11,1,0,3,1,1,3,0,0,1,0,0,1,infracciones_2022,otras
2022,6871,Servicio de Taxis Sin Habilitación,11,0,0,0,1,1,1,2,2,0,1,2,1,infracciones_2022,otras
2022,7468,Afectar calzada c/evento/obra q no implica apertura/rotura (excede autorizacion),11,0,0,1,0,1,3,3,1,2,0,0,0,infracciones_2022,alcohol_otros
2022,8886,Conductores principiantes,11,1,2,3,0,1,0,0,1,0,2,1,0,infracciones_2022,otras
2022,6526,Exceso Velocidad más de 10Km/h y hasta 20Km/h de la Máxima permitida para el tipo de arteria,10,0,0,0,0,9,1,0,0,0,0,0,0,infracciones_2022,velocidad
2022,7465,Prestar servicio enseñanza de conducción de vehículos sin habilitación,9,0,2,0,0,3,1,0,1,0,0,1,1,infracciones_2022,alcohol
2022,7467,Afectar calzada sin autorizacion c/evento/obra q no implica apertura/rotura,9,0,0,0,0,0,2,1,4,2,0,0,0,infracciones_2022,alcohol_otros
2022,6877,No Cumplir Normas/requisitos Vehículos de Transporte sin habilitación,8,0,0,1,0,1,0,1,3,1,0,1,0,infracciones_2022,otras
2022,6882,Prestacion servicio publico Taxis c/licencia taxi vencida (dentro 360 vencida),8,1,0,0,0,0,0,2,0,1,3,1,0,infracciones_2022,otras
2022,6881,"Transporte de carga (transp.Explosivos, inflamables, animales, etc.)",7,1,0,0,0,0,0,0,0,0,0,3,3,infracciones_2022,otras
2022,6168,"Titular o responsable vehiculo transporte de escolares que dañe, altere o retire disp de alcoholemia",6,0,0,0,1,1,0,0,1,2,0,1,0,infracciones_2022,alcohol
2022,6542,Asignar viaje a Repartidor/Mensajero con habilitac.vencida/habilitac.vehíc. vencida,6,2,0,1,1,0,0,0,0,1,0,0,1,infracciones_2022,velocidad
2022,6551,Servicio mensajería/reparto en ciclorodado sin hab/ hab vencida/ excede límite del objeto de aquella,6,1,0,1,1,0,0,1,0,1,1,0,0,infracciones_2022,velocidad
2022,6162,"Exceso de Velocidad + de 140 Km/h (taxis, pasajeros, escolares o remises)",5,0,0,0,1,2,0,1,1,0,0,0,0,infracciones_2022,otras
2022,6525,Exceso Velocidad hasta 10Km/h de la Máxima permitida para el tipo de arteria,5,0,0,0,0,4,0,0,0,0,0,0,1,infracciones_2022,velocidad
2022,6872,Servicio de radio taxis que incumpla la normativa legal vigente,5,0,0,0,1,2,0,1,0,0,0,1,0,infracciones_2022,otras
2022,8926,Nomina de abonados (prestar servicio con menor cantidad de abonados),5,0,1,1,3,0,0,0,0,0,0,0,0,infracciones_2022,otras
2022,6181,Conductor vehiculo con taximetro que se negara sin justificacion a transportar pasajero,4,0,0,1,1,0,1,0,1,0,0,0,0,infracciones_2022,otras
2022,6527,Exceso Velocidad hasta 20Km/h de la Máxima permitida en vías rápidas,4,0,1,0,1,0,0,0,0,1,1,0,0,infracciones_2022,velocidad
2022,6883,Prestacion servicio publico Taxis c/licencia vencida (mas de 360 vencida),4,0,0,1,0,0,0,0,0,0,1,2,0,infracciones_2022,otras
2022,6519,No respetar limites de velocidad minimos,3,0,0,2,1,0,0,0,0,0,0,0,0,infracciones_2022,velocidad
2022,6530,Exceso Velocidad más de 40Km/h de la Máxima permitida en vías rápidas y hasta 140 km/h,3,1,0,0,1,0,0,0,1,0,0,0,0,infracciones_2022,velocidad
2022,8939,Equipo no homologado (quien preste servicios sin haber verificado y/o registrado ante la Autoridad,3,0,0,0,0,1,1,0,0,0,0,0,1,infracciones_2022,otras
2022,6110,Permitir conducir sin Licencia o Inhabilitado (titular/transporte),2,0,1,0,0,0,0,0,0,0,0,1,0,infracciones_2022,otras
2022,6183,Cond vehiculo con taximetro que no porte ficha identif del titular de la licencia o la del conductor,2,0,0,0,0,0,0,1,0,0,0,0,1,infracciones_2022,otras
2022,6243,Incumplimiento grabado de autopartes (Gestor /Mandat /Concesionaria /Intermediario ),2,0,0,0,1,0,0,0,0,1,0,0,0,infracciones_2022,otras
2022,6529,Exceso Velocidad más 20Km de la Máxima permitida para el tipo de arteria y hasta 140 km/h,2,0,0,0,0,2,0,0,0,0,0,0,0,infracciones_2022,velocidad
2022,7030,Incumplir Normas Tte.Privado pasajeros/Alquiler auto s/chofer,2,0,0,1,0,1,0,0,0,0,0,0,0,infracciones_2022,alcohol_otros
2022,1149,Otras infracciones de transito,1,0,0,0,0,0,0,0,0,0,0,0,1,infracciones_2022,otras
2022,6163,"Exceso de Velocidad mas de 20Km/h en Calle o Avenida (taxis, pasajeros, escolares, remises)",1,0,0,0,1,0,0,0,0,0,0,0,0,infracciones_2022,otras
2022,6165,Trans de sustancias peligrosas (no exhibir corresp insc en Reg de Transportistas segun norm vigente),1,0,0,0,0,0,1,0,0,0,0,0,0,infracciones_2022,otras
2022,6182,Cond vehiculo con taximetro que se negara a interrumpir func del mecanismo y/o disp de publicidad,1,0,0,0,0,0,0,0,0,0,0,0,1,infracciones_2022,otras
2022,6512,Exceso Velocidad +20Km de la Maxima permitida en calle/avenida(particulares),1,0,0,0,1,0,0,0,0,0,0,0,0,infracciones_2022,velocidad
2022,6520,Exceso de Velocidad,1,0,0,0,0,1,0,0,0,0,0,0,0,infracciones_2022,velocidad
2022,6541,Asignar viaje a Repartidor/Mensajero no habilitado/vehíc no habilitado/habilitación no vigente,1,0,0,0,0,0,0,0,0,0,0,0,1,infracciones_2022,velocidad
2022,6545,Adulterar datos provistos s/Cap 13.11 Cód.Tránsito y Transporte,1,0,0,0,0,0,0,0,0,0,0,1,0,infracciones_2022,velocidad
2022,6547,No proveer seguros a mensajeros/repartidores s/Cap.13.6 Cód Tránsito y Transito,1,0,0,0,0,0,0,0,0,0,0,0,1,infracciones_2022,velocidad
2022,6860,No Cumplir Normas s/requisitos Vehículos  Escolares c/habilitación,1,0,0,0,0,0,1,0,0,0,0,0,0,infracciones_2022,otras
2022,6861,No Cumplir Normas  s/requisitos Vehículos Escolares sin habilitación,1,0,0,0,0,0,0,0,0,0,0,0,1,infracciones_2022,otras
2022,6873,Radio taxi que no este abonado a una estación central o difiera estación abonada,1,0,0,1,0,0,0,0,0,0,0,0,0,infracciones_2022,otras
2022,6874,Radio taxi con IRA vencido y/o que a su baja no hubiere eliminado las señales que lo identificaban,1,1,0,0,0,0,0,0,0,0,0,0,0,infracciones_2022,otras
2022,6875,"Servicio de radio taxi, titular o mandataria que realice promociones o cobre tarifa no autorizada",1,0,0,0,0,0,0,0,0,0,0,1,0,infracciones_2022,otras
2022,6876,No aplicación de la tarifa de taxi vigente,1,0,0,1,0,0,0,0,0,0,0,0,0,infracciones_2022,otras
2022,7022,(Dispositivo movilidad personal) Regimen ciclorodados y dipositivos de movilidad personal,1,0,0,0,0,0,0,0,0,0,0,0,1,infracciones_2022,alcohol_otros
2022,7552,Alteraciones con dispositivos mecánicos electrónicos a fin de incrementar la tarifa,1,0,0,1,0,0,0,0,0,0,0,0,0,infracciones_2022,alcohol_otros
2022,8924,Incumplimiento a la autorización para funcionar como radio taxi,1,0,0,0,0,0,0,0,0,0,0,1,0,infracciones_2022,otras
2022,8927,Personal de la empresa de radio taxi (no cumplimentar con previsiones),1,0,0,1,0,0,0,0,0,0,0,0,0,infracciones_2022,otras
2022,8932,Abonados sin equipos,1,0,0,0,0,0,0,0,0,0,0,0,1,infracciones_2022,otras
2023,6535,Exceso de velocidad de 10% a 30% ms de la velocidad permitida,950256,92836,130534,23770,149523,111263,77967,63063,73965,36120,27214,106105,57896,infracciones_2023,velocidad
2023,6900,Estac. lugar prohib./forma indebida/antirreglamentaria,424676,43352,34399,31918,39154,36961,35497,34224,39205,36771,35528,32625,25042,infracciones_2023,estacionamiento
2023,6660,Forzar barrera/evadir pago peaje autopista,413566,54255,49699,39615,41110,35729,36537,12058,20984,31665,25206,30806,35902,infracciones_2023,peajes
2023,6761,"Carriles o vías prohíbidas (tránsito rápido,diferenciado,metrobus)",202501,7683,32759,4934,24584,12766,15749,8529,13533,24013,11950,29814,16187,infracciones_2023,carriles
2023,6910,Estac. LUGAR RESERVADO (paradas/garage/ciclovias/carril exclusivo/Micro-Macrocentro/otros),119967,7349,6278,8241,10493,10000,10325,11060,12421,10469,10973,12306,10052,infracciones_2023,estacionamiento
2023,6536,Exceso de velocidad de 30% mas de la velocidad permitida hasta 140Km/h  (Particulares),97569,11077,11999,2579,12282,9061,7376,6148,6403,3099,2652,17308,7585,infracciones_2023,velocidad
2023,6740,No respetar Senda Peatonal/Paso Peaton,70919,5561,3493,7969,3110,6655,10739,6081,5180,6034,5643,7165,3289,infracciones_2023,otras
2023,7050,Violar Luz Roja,67873,3763,3425,5372,3369,4082,4758,8668,6330,8020,7289,8086,4711,infracciones_2023,alcohol_otros
2023,6270,No uso cinturon de seguridad,64261,1002,1101,1658,7822,15615,5231,2982,4713,4390,5492,9845,4410,infracciones_2023,otras
2023,6490,Conducir utilizando Celular / Auriculares / Reproductor de video,56874,6058,3550,4279,3335,4601,4263,3937,5283,5395,4800,5460,5913,infracciones_2023,otras
2023,6935,Estacionamiento en areas peatonales,40699,2715,2305,2446,4147,3262,3157,3899,4495,3589,3676,3793,3215,infracciones_2023,estacionamiento
2023,6200,Placas dominio. Falta/antirreglamentarias/mal estado,28400,2412,2059,2192,2092,2438,2536,2264,2797,2698,2430,2304,2178,infracciones_2023,otras
2023,6760,Circular por Zona/Carril o c/peso/poten./tamaño Prohibido,18809,2661,852,3199,898,814,2072,649,1922,1941,1258,895,1648,infracciones_2023,carriles
2023,6911,Estacionar en LUGAR RESERVADO Vehíc. Persona discapac./RAMPA discapac.,17922,739,902,1284,2047,1875,1716,1936,1966,1397,1320,1497,1243,infracciones_2023,estacionamiento
2023,6980,No respetar indicaciones Autoridad dirige Transito,15181,1184,905,1406,1049,1168,1327,1176,1212,1377,1465,1554,1358,infracciones_2023,estacionamiento
2023,6580,No respetar carriles/Maniobras Peligrosas,11921,902,781,1076,875,956,1037,893,980,1318,1123,1052,928,infracciones_2023,velocidad
2023,6241,Revision tecnica (no realizarla o certificado vencido),11790,2282,1462,1216,1135,875,691,646,861,784,724,627,487,infracciones_2023,otras
2023,6680,Obstruir vía Transversal/Ciclovía/Vereda/Estac. reservado,11533,916,832,853,909,887,774,817,1034,1411,1208,1128,764,infracciones_2023,otras
2023,6492,Conductor redactando/enviando mensaje de texto,10303,893,604,526,580,818,797,763,899,1028,1013,1135,1247,infracciones_2023,otras
2023,6600,Girar a izquierda/derecha en lugar prohibido,10150,815,831,988,773,851,776,742,871,997,861,870,775,infracciones_2023,otras
2023,7064,Utilizar en infraccion cartel/credencial/documento sobre franquicia transito/estacionamiento,8988,990,549,658,722,821,615,550,857,962,941,758,565,infracciones_2023,alcohol_otros
2023,6920,Estac. lugar sin ticket/hora vencida,8929,1520,1138,1700,1643,1112,1003,703,106,3,0,1,0,infracciones_2023,estacionamiento
2023,6161,Exhibición de documentación (no exhibir ced verde vigente a nombre del tit  o ced azul de conductor),8208,905,705,691,677,767,655,609,648,743,705,617,486,infracciones_2023,documentacion
2023,6763,Circular por Zona/Carril o c/peso/poten./tamaño Prohibido,7923,0,0,0,0,0,0,0,1409,2431,1835,1984,264,infracciones_2023,otras
2023,6120,Conducir con Licencia Vencida o Caduca,7831,979,687,674,729,686,600,570,670,616,594,544,482,infracciones_2023,documentacion
2023,1111,Expediente Infraccion de Transito,7429,138,103,553,536,596,778,951,726,560,826,1329,333,infracciones_2023,otras
2023,6762,"Carriles o vías prohíbidas (ciclovía,contramano en contracarril)",6985,297,255,300,440,694,882,512,433,977,711,1036,448,infracciones_2023,otras
2023,6186,"Violacion de semaforo (taxis, escolares , pasajeros, remises. Prestando servicio)",6930,327,711,1022,398,182,324,1122,407,720,711,701,305,infracciones_2023,otras
2023,7001,Infraccion regimen motovehiculos,6436,689,556,620,487,562,440,408,494,518,509,592,561,infracciones_2023,alcohol_otros
2023,6190,Falta poliza seguro contra terceros,6396,632,475,477,516,645,515,436,586,637,530,498,449,infracciones_2023,otras
2023,7045,Obstruccion de estacionamiento y/o circulacion,6305,291,277,485,621,602,577,627,717,593,605,613,297,infracciones_2023,alcohol_otros
2023,6100,Conducir sin portar la licencia,6282,702,538,513,539,555,550,476,512,514,510,463,410,infracciones_2023,documentacion
2023,6501,Permitir Viajar personas impedidas en asiento delantero,5814,719,523,415,348,416,381,436,470,524,498,484,600,infracciones_2023,velocidad
2023,6540,Circulación en sentido contrario,4520,406,427,482,385,353,364,389,339,360,357,337,321,infracciones_2023,velocidad
2023,6537,Exceso de velocidad de 30% mas de la velocidad permitida hasta 140Km/h  (Tte.Pasajeros),3950,846,401,190,464,282,163,119,113,61,69,909,333,infracciones_2023,velocidad
2023,6862,Conducir sin poseer la licencia,3844,410,359,373,376,423,329,280,303,296,298,215,182,infracciones_2023,otras
2023,6171,Obstruir LUGAR RESERVADO Vehíc. Persona discapac./RAMPA discapac.,3839,234,280,362,348,361,410,349,317,303,347,283,245,infracciones_2023,otras
2023,8880,Incumplimiento de identificacion de conductor,3819,569,739,210,810,569,297,234,256,55,26,51,3,infracciones_2023,otras
2023,6450,"Falta/sin vision, Espejos Retrovisores",3122,257,232,274,300,299,318,265,320,248,222,217,170,infracciones_2023,otras
2023,7002,Circular con acompañante que no usa el  CHALECO reflectante obligatorio (MOTO),2793,131,229,334,374,410,411,403,249,69,76,59,48,infracciones_2023,alcohol_otros
2023,7462,Conducir con nivel alcohol mayor 0.5 y menor 1 gr/Lt/sangre (vehículo),2793,276,219,171,251,273,296,236,183,199,224,204,261,infracciones_2023,alcohol
2023,6191,Falta poliza seguro contra terceros (no cuente),2210,272,177,243,207,218,159,168,180,160,155,158,113,infracciones_2023,otras
2023,6907,Estacionar en doble fila,1750,0,0,0,0,0,0,0,0,0,0,363,1387,infracciones_2023,estacionamiento
2023,6531,Exceso Velocidad más de 140Km/h,1716,151,233,18,224,167,145,115,148,90,47,216,162,infracciones_2023,velocidad
2023,6250,Frenos/Luces/elementos seguridad Falta o Deficientes,1691,117,104,151,169,158,143,137,159,182,156,90,125,infracciones_2023,otras
2023,6140,Conducir c/licencia conductor No Correspondiente,1667,122,128,132,161,188,173,124,166,157,129,99,88,infracciones_2023,otras
2023,6528,Exceso Velocidad más de 20Km/h y hasta 40Km/h de la Máxima permitida en vías rápidas,1522,96,100,35,158,172,167,160,165,126,121,213,9,infracciones_2023,velocidad
2023,6549,No utilizar la identificación con número de habilitación/indumentaria con bandas reflectivas,1429,113,190,96,286,209,179,147,161,33,5,9,1,infracciones_2023,velocidad
2023,6330,Dispositivo de control de ruido y silenciador Falta /Mal funcionamiento,1425,240,26,141,60,150,170,183,233,60,135,27,0,infracciones_2023,otras
2023,6167,"Obstruccion de via (en carriles exclusivos y/o, metrobus y premetro)",1304,85,101,87,117,122,149,99,97,154,114,103,76,infracciones_2023,otras
2023,6240,Revision tecnica No porte certificado,1295,209,151,128,139,115,120,60,86,88,86,51,62,infracciones_2023,otras
2023,6527,Exceso Velocidad hasta 20Km/h de la Máxima permitida en vías rápidas,1179,69,107,50,149,158,132,101,153,143,55,58,4,infracciones_2023,velocidad
2023,6820,No respetar lugar asc/desc-acercar a acera/puertas abiertas etc(pasajeros),1086,37,60,163,132,153,118,156,70,59,54,60,24,infracciones_2023,otras
2023,8885,"Paradas, otras señales y simbolos",770,66,81,81,78,34,67,70,74,53,33,81,52,infracciones_2023,otras
2023,6890,Carga y descarga fuera de hora/lugar prohibido,758,80,69,72,83,82,103,57,40,37,53,35,47,infracciones_2023,otras
2023,6350,Uso indebido e bocina,753,19,29,46,34,59,50,39,51,39,57,102,228,infracciones_2023,otras
2023,8943,Vehic transporte pasajeros no cumple con VTV,719,159,85,94,51,50,72,44,49,44,24,24,23,infracciones_2023,otras
2023,6800,Nro.ocupantes mayor a capacidad vehiculo,628,148,94,41,41,32,33,38,26,38,51,42,44,infracciones_2023,otras
2023,6525,Exceso Velocidad hasta 10Km/h de la Máxima permitida para el tipo de arteria,604,30,41,27,39,52,67,55,73,77,88,44,11,infracciones_2023,velocidad
2023,6172,Obstruccion de circulacion al transito,600,40,43,63,64,47,54,31,74,28,65,46,45,infracciones_2023,otras
2023,6640,Marcha atras en forma indebida,593,47,46,67,53,47,40,43,44,62,61,46,37,infracciones_2023,otras
2023,8942,"Taxi , transp escolar, remise, vehic fantasia , otro sin autorizacion",506,43,17,50,96,17,96,62,58,25,11,17,14,infracciones_2023,otras
2023,6534,Exceso de velocidad de 0 a 10% ms de la velocidad permitida,470,49,62,28,83,67,36,43,41,8,17,29,7,infracciones_2023,velocidad
2023,8910,Violación de Barreras Ferroviarias - Particular,468,74,41,44,32,35,17,23,17,39,29,58,59,infracciones_2023,otras
2023,7062,Negarse a someterse al control de alcoholemia/estupefac/otra sustancia similar (conductor/acompaña),386,32,28,27,27,36,41,35,28,34,34,35,29,infracciones_2023,alcohol
2023,6720,Interrumpir Filas Escolares,372,2,2,57,68,53,57,18,26,27,24,27,11,infracciones_2023,otras
2023,6272,Sistemas o dispositivos de retencion infantil,355,47,24,17,18,29,23,16,29,30,28,43,51,infracciones_2023,otras
2023,6185,Carga y descarga (propietario y/o responsable del comercio),354,20,18,51,33,42,12,24,15,41,54,35,9,infracciones_2023,otras
2023,6430,Uso de Vidrios tonalizados antirreglamentarios,310,16,17,23,26,41,29,27,20,37,26,23,25,infracciones_2023,otras
2023,6970,Peaton: No respetar lugar cruce calles/aven./semaforos,298,17,16,35,23,23,28,18,29,26,27,32,24,infracciones_2023,estacionamiento
2023,6370,Colocacion Bocinas o sirenas antirreglamentarias,245,37,4,23,14,21,34,27,32,13,15,25,0,infracciones_2023,otras
2023,6130,Conducir sin anteojos o lentes contacto segun Licencia,241,49,34,39,21,9,14,15,11,18,17,6,8,infracciones_2023,otras
2023,7464,Conducir con nivel alcohol mayor 0.0 y menor 1 gr/Lt/sangre (Tte Pasajeros/Carga/principiante),225,32,29,15,24,23,19,20,10,9,14,14,16,infracciones_2023,alcohol
2023,7463,Conducir con nivel alcohol mayor 0.2 y menor 1 gr/Lt/sangre (Moto),220,28,32,29,21,17,16,8,8,14,12,12,23,infracciones_2023,alcohol
2023,6879,Requisitos de los vehiculos de transporte de carga sin habilitacion,201,15,19,19,25,23,14,13,10,18,14,19,12,infracciones_2023,otras
2023,6560,Invasión parcial de vías,164,15,9,29,9,10,11,11,8,9,11,23,19,infracciones_2023,velocidad
2023,6290,"Dispositivo control gases, Falta /Mal funcionamiento",155,5,1,1,1,0,1,0,1,0,0,141,4,infracciones_2023,otras
2023,7066,Utilizacion de luces prohibidas,155,5,5,8,11,17,23,16,21,17,14,9,9,infracciones_2023,alcohol_otros
2023,6410,Falta Paragolpe,143,7,6,8,16,24,15,7,7,11,14,13,15,infracciones_2023,otras
2023,6878,Requisitos de los vehiculos de transporte de carga,134,23,18,12,17,19,9,10,6,2,7,9,2,infracciones_2023,otras
2023,6230,Circular con equipo Antiradar o Antifoto,113,8,10,11,16,8,15,6,5,14,9,9,2,infracciones_2023,otras
2023,7010,Circular sin utilizar Antiparras (Moto/Ciclomotor/motoneta),108,16,12,11,11,3,8,12,4,4,8,12,7,infracciones_2023,alcohol_otros
2023,8944,Vehic transporte pasajeros en infraccion,93,7,3,5,4,8,23,16,13,4,2,7,1,infracciones_2023,otras
2023,7063,Contribución a conducción peligrosa.,90,10,5,14,4,5,12,7,3,4,3,12,11,infracciones_2023,alcohol_otros
2023,6552,Servicio mensajería/reparto en Motovehiculo sin hab /hab vencida /excede límite del objeto,87,18,7,3,5,11,2,0,7,5,9,3,17,infracciones_2023,velocidad
2023,6121,"Permitir conducir con licencia o documentación vencida (titular, mandataria o responsable)",86,6,3,9,5,11,9,2,4,11,7,5,14,infracciones_2023,otras
2023,6122,Licencia o documentación habilitante vencida (transporte público),84,10,4,8,15,6,11,1,4,5,9,4,7,infracciones_2023,otras
2023,6700,No ceder Paso a Polic/Bombe/Ambula/Serv.Pub.o Urgen.,79,8,3,7,5,6,11,9,7,4,7,6,6,infracciones_2023,otras
2023,6780,Prohib.circular según DIA/HORA/CARAC.VEHIC (vehículos),75,8,3,11,4,7,4,3,11,10,5,7,2,infracciones_2023,otras
2023,7065,Uso indebido de luces,70,5,5,7,3,6,4,5,10,6,7,4,8,infracciones_2023,alcohol_otros
2023,6830,Ocupar lugar no destinado para viajar,68,6,6,4,5,3,9,5,4,8,7,4,7,infracciones_2023,otras
2023,8911,Violación de Barreras Ferroviarias - Transporte,67,1,1,0,2,1,1,4,1,0,1,22,33,infracciones_2023,otras
2023,6187,"Negativa de someterse a control (taxis, escolares , pasajeros, remises. Prestando servicio)",61,6,4,16,6,15,4,5,1,2,0,1,1,infracciones_2023,alcohol
2023,6390,Uso Paragolpe antirreglamentario,58,1,2,5,16,5,2,6,13,3,0,2,3,infracciones_2023,otras
2023,6840,No cumplir norma uso radio/reproductor sonido/fumar/trato al pasajero,55,0,1,3,9,4,6,0,22,1,2,3,4,infracciones_2023,otras
2023,6620,No respetar paso o cartel PARE en bocacalle,53,4,1,6,5,3,5,4,2,2,8,7,6,infracciones_2023,otras
2023,6150,Permitir Conducir c/licencia conductor No Correspondiente(titular/transporte),51,2,5,4,10,6,2,6,3,1,3,6,3,infracciones_2023,otras
2023,8886,Conductores principiantes,50,2,2,3,1,3,4,3,14,4,7,7,0,infracciones_2023,otras
2023,6220,Circular con Placas de OTRO dominio.,44,6,2,4,2,4,4,4,2,6,8,1,1,infracciones_2023,otras
2023,6169,"Conductor que dañe, altere o retire dispositivo",41,3,3,4,2,7,3,1,4,4,2,5,3,infracciones_2023,otras
2023,6870,No Cumplir Normas s/requisitos Vehículos de Transporte c/habilitación,40,0,1,3,5,9,9,3,2,1,6,1,0,infracciones_2023,otras
2023,8884,Señalizacion de obras,39,1,2,4,4,3,6,4,5,5,4,1,0,infracciones_2023,otras
2023,6880,No cumplir norma  Peso/dimen/permisos/carga descubierta/seguro(carga),36,0,2,3,2,5,2,6,2,0,6,4,4,infracciones_2023,otras
2023,6850,No cumplir norma horario/ropa/requisito vehiculo Tte. pasajero,35,2,0,1,5,8,15,0,0,1,2,1,0,infracciones_2023,otras
2023,6180,No exhibir documentacion sobre transporte de sustancias peligrosas,34,6,2,4,3,3,2,4,2,4,3,1,0,infracciones_2023,otras
2023,6105,Falta de licencia o documentación o inhabilitado (transporte público),29,1,1,2,5,3,2,1,3,0,3,6,2,infracciones_2023,otras
2023,6242,Incumplimiento grabado de autopartes (Titular/Tomador),27,3,2,4,3,3,4,1,1,2,2,1,1,infracciones_2023,otras
2023,6950,Enseñar conduccion en lugar no autorizado,27,3,1,2,5,4,2,2,3,3,0,1,1,infracciones_2023,estacionamiento
2023,6883,Prestacion servicio publico Taxis c/licencia vencida (mas de 360 vencida),26,0,1,4,0,0,13,2,4,0,0,2,0,infracciones_2023,otras
2023,6781,Prohib.circular según DIA/HORA/CARAC.VEHIC y/u OCUPANTES (moto),25,3,4,5,2,3,1,0,1,1,0,5,0,infracciones_2023,otras
2023,6877,No Cumplir Normas/requisitos Vehículos de Transporte sin habilitación,24,0,1,1,1,2,6,2,1,3,4,2,1,infracciones_2023,otras
2023,6882,Prestacion servicio publico Taxis c/licencia taxi vencida (dentro 360 vencida),24,0,1,2,0,0,10,6,1,1,1,2,0,infracciones_2023,otras
2023,6960,Enseñar conduccion (por Academia) en lugar no autorizado,21,0,0,1,5,5,1,1,0,3,0,4,1,infracciones_2023,estacionamiento
2023,6160,Permitir o Facilitar manejo persona sin edad s/tipo vehiculo,18,2,1,1,0,2,1,1,2,2,1,4,1,infracciones_2023,otras
2023,6871,Servicio de Taxis Sin Habilitación,18,0,3,1,1,0,1,0,2,4,4,0,2,infracciones_2023,otras
2023,6280,"Limitador de velocidad, Falta / Funciona incorrectamente",14,3,0,2,0,1,0,3,0,0,2,0,3,infracciones_2023,otras
2023,7021,(Ciclorodado) Regimen ciclorodados y dipositivos de movilidad personal,13,0,1,6,1,0,1,0,0,0,2,1,1,infracciones_2023,alcohol_otros
2023,6470,Falta Tapa Combustible,12,1,0,0,0,0,2,0,2,3,1,2,1,infracciones_2023,otras
2023,6782,Prohib.circular según DIA/HORA/CARAC.VEHIC y/u OCUPANTES s/norma 5.3.2.i Ley2148 (MOTO),11,1,2,2,1,1,0,0,1,0,0,3,0,infracciones_2023,otras
2023,7467,Afectar calzada sin autorizacion c/evento/obra q no implica apertura/rotura,10,0,1,0,1,0,2,1,1,2,1,0,1,infracciones_2023,alcohol_otros
2023,7469,Afectar calzada c/evento/obra (incumple manual señalizacion vial transitoria),10,0,0,1,2,1,3,0,0,0,1,2,0,infracciones_2023,alcohol_otros
2023,6110,Permitir conducir sin Licencia o Inhabilitado (titular/transporte),8,0,0,1,1,0,1,1,2,1,1,0,0,infracciones_2023,otras
2023,6181,Conductor vehiculo con taximetro que se negara sin justificacion a transportar pasajero,8,0,1,0,3,2,0,0,0,1,0,1,0,infracciones_2023,otras
2023,6310,Verter liquido combustible o aguas servidas,8,0,0,1,0,0,1,3,0,0,1,1,1,infracciones_2023,otras
2023,7030,Incumplir Normas Tte.Privado pasajeros/Alquiler auto s/chofer,7,0,1,1,0,0,4,0,0,0,0,0,1,infracciones_2023,alcohol_otros
2023,6162,"Exceso de Velocidad + de 140 Km/h (taxis, pasajeros, escolares o remises)",6,2,0,0,1,1,0,1,0,0,0,1,0,infracciones_2023,otras
2023,6881,"Transporte de carga (transp.Explosivos, inflamables, animales, etc.)",6,2,1,0,0,0,0,0,2,0,1,0,0,infracciones_2023,otras
2023,6166,Vehiculo Transporte de sustancias alimenticias sin habilitaciòn,5,0,1,0,0,0,0,0,1,2,1,0,0,infracciones_2023,otras
2023,6183,Cond vehiculo con taximetro que no porte ficha identif del titular de la licencia o la del conductor,5,0,1,0,0,1,0,0,1,0,0,2,0,infracciones_2023,otras
2023,6184,Titular vehiculo de carga exceda peso maximo por eje,5,1,0,0,0,0,0,1,0,0,2,1,0,infracciones_2023,otras
2023,6873,Radio taxi que no este abonado a una estación central o difiera estación abonada,5,0,0,4,0,1,0,0,0,0,0,0,0,infracciones_2023,otras
2023,6168,"Titular o responsable vehiculo transporte de escolares que dañe, altere o retire disp de alcoholemia",4,0,0,1,0,0,1,0,0,0,0,1,1,infracciones_2023,alcohol
2023,6182,Cond vehiculo con taximetro que se negara a interrumpir func del mecanismo y/o disp de publicidad,4,2,0,0,0,0,1,0,0,0,0,1,0,infracciones_2023,otras
2023,6271,Menores de edad en asiento trasero SIN dispositivo retencion infantil o SIN acompañante mayor,4,1,0,1,2,0,0,0,0,0,0,0,0,infracciones_2023,otras
2023,1149,Otras infracciones de transito,3,1,0,0,0,0,1,0,1,0,0,0,0,infracciones_2023,otras
2023,6243,Incumplimiento grabado de autopartes (Gestor /Mandat /Concesionaria /Intermediario ),3,0,0,0,0,0,3,0,0,0,0,0,0,infracciones_2023,otras
2023,6876,No aplicación de la tarifa de taxi vigente,3,0,0,0,0,0,0,0,0,0,1,2,0,infracciones_2023,otras
2023,7465,Prestar servicio enseñanza de conducción de vehículos sin habilitación,3,1,1,0,0,0,0,0,0,0,1,0,0,infracciones_2023,alcohol
2023,8939,Equipo no homologado (quien preste servicios sin haber verificado y/o registrado ante la Autoridad,3,0,0,0,0,0,0,1,1,0,1,0,0,infracciones_2023,otras
2023,6530,Exceso Velocidad más de 40Km/h de la Máxima permitida en vías rápidas y hasta 140 km/h,2,0,0,0,0,1,0,0,1,0,0,0,0,infracciones_2023,velocidad
2023,6542,Asignar viaje a Repartidor/Mensajero con habilitac.vencida/habilitac.vehíc. vencida,2,0,1,0,1,0,0,0,0,0,0,0,0,infracciones_2023,velocidad
2023,6551,Servicio mensajería/reparto en ciclorodado sin hab/ hab vencida/ excede límite del objeto de aquella,2,0,0,0,0,1,0,0,0,0,0,0,1,infracciones_2023,velocidad
2023,6875,"Servicio de radio taxi, titular o mandataria que realice promociones o cobre tarifa no autorizada",2,0,0,0,0,0,0,0,0,0,1,1,0,infracciones_2023,otras
2023,7466,Escuela Conductores automotores c/ habilitación vencida o que exceda los límites u objeto de aquella,2,0,0,0,1,1,0,0,0,0,0,0,0,infracciones_2023,alcohol
2023,7468,Afectar calzada c/evento/obra q no implica apertura/rotura (excede autorizacion),2,0,0,1,1,0,0,0,0,0,0,0,0,infracciones_2023,alcohol_otros
2023,7530,Circular en Infraccion Normas regulan servicio Remise/Escolares/Taxi,2,0,0,0,1,0,0,0,0,0,0,1,0,infracciones_2023,alcohol_otros
2023,7551,Alteraciones en el reloj taxímetro (titular y/o mandataria),2,0,0,0,0,0,0,0,0,0,1,1,0,infracciones_2023,alcohol_otros
2023,7552,Alteraciones con dispositivos mecánicos electrónicos a fin de incrementar la tarifa,2,0,0,0,0,0,0,0,0,1,0,1,0,infracciones_2023,alcohol_otros
2023,6165,Trans de sustancias peligrosas (no exhibir corresp insc en Reg de Transportistas segun norm vigente),1,0,0,1,0,0,0,0,0,0,0,0,0,infracciones_2023,otras
2023,6519,No respetar limites de velocidad minimos,1,0,0,0,0,0,0,0,0,0,1,0,0,infracciones_2023,velocidad
2023,6541,Asignar viaje a Repartidor/Mensajero no habilitado/vehíc no habilitado/habilitación no vigente,1,0,0,0,0,0,0,0,0,0,0,0,1,infracciones_2023,velocidad
2023,6547,No proveer seguros a mensajeros/repartidores s/Cap.13.6 Cód Tránsito y Transito,1,0,0,0,0,0,0,0,0,0,0,0,1,infracciones_2023,velocidad
2023,6548,Realizar servicio mensajería/reparto a domicilio con vehículo no autorizado y/o con acompañantes,1,0,0,0,0,0,0,0,1,0,0,0,0,infracciones_2023,velocidad
2023,6554,Prestador servicio mensajería/reparto con Habilitación vencida,1,1,0,0,0,0,0,0,0,0,0,0,0,infracciones_2023,velocidad
2023,6872,Servicio de radio taxis que incumpla la normativa legal vigente,1,0,0,0,1,0,0,0,0,0,0,0,0,infracciones_2023,otras
2023,6874,Radio taxi con IRA vencido y/o que a su baja no hubiere eliminado las señales que lo identificaban,1,0,0,0,0,0,0,0,1,0,0,0,0,infracciones_2023,otras
2023,7540,No cumplir Norma de habilitacion tecnica Remise/Escolares/Taxi,1,0,0,0,0,0,0,0,0,0,1,0,0,infracciones_2023,alcohol_otros
2023,8916,Habilitación de empresa de radio taxi vencida (mas de 30 y hasta 180 días),1,0,0,1,0,0,0,0,0,0,0,0,0,infracciones_2023,otras
2023,8917,Habilitación de empresa de radio taxi vencida (de 180 y hasta 360 días),1,0,0,0,0,0,0,0,0,1,0,0,0,infracciones_2023,otras
2023,8926,Nomina de abonados (prestar servicio con menor cantidad de abonados),1,0,0,0,0,0,0,0,1,0,0,0,0,infracciones_2023,otras
2023,8927,Personal de la empresa de radio taxi (no cumplimentar con previsiones),1,0,0,0,0,0,0,0,0,1,0,0,0,infracciones_2023,otras
2023,8930,Horario estación central,1,0,0,1,0,0,0,0,0,0,0,0,0,infracciones_2023,otras
2023,8934,Taxi con cartelería sin equipo de radio,1,0,1,0,0,0,0,0,0,0,0,0,0,infracciones_2023,otras
2023,8935,Taxi con cartelería sin abono,1,0,0,0,0,0,0,0,0,1,0,0,0,infracciones_2023,otras
2024,1111,Expediente Infraccion de Transito,9649,683,274,311,535,652,533,606,765,919,1462,1462,1447,infracciones_2024,otras
2024,1149,Otras infracciones de transito,10,0,0,0,0,0,0,0,0,3,1,2,4,infracciones_2024,otras
2024,6100,Conducir sin portar la licencia,4525,425,359,314,355,441,442,340,303,380,373,382,411,infracciones_2024,documentacion
2024,6105,Falta de licencia o documentación o inhabilitado (transporte público),29,3,7,1,6,3,0,2,1,1,0,0,5,infracciones_2024,otras
2024,6110,Permitir conducir sin Licencia o Inhabilitado (titular/transporte),15,1,0,0,3,1,4,1,0,3,0,0,2,infracciones_2024,otras
2024,6120,Conducir con Licencia Vencida o Caduca,5727,715,525,419,402,515,405,400,420,501,493,433,499,infracciones_2024,documentacion
2024,6121,"Permitir conducir con licencia o documentación vencida (titular, mandataria o responsable)",38,7,2,0,3,2,1,3,3,4,2,3,8,infracciones_2024,otras
2024,6122,Licencia o documentación habilitante vencida (transporte público),71,8,6,3,8,3,10,8,5,3,5,3,9,infracciones_2024,otras
2024,6130,Conducir sin anteojos o lentes contacto segun Licencia,218,11,7,12,13,16,44,28,11,16,17,27,16,infracciones_2024,otras
2024,6140,Conducir c/licencia conductor No Correspondiente,1487,159,102,86,103,126,123,102,116,139,178,134,119,infracciones_2024,otras
2024,6150,Permitir Conducir c/licencia conductor No Correspondiente(titular/transporte),28,3,3,3,2,0,3,4,1,4,2,1,2,infracciones_2024,otras
2024,6160,Permitir o Facilitar manejo persona sin edad s/tipo vehiculo,15,4,0,0,1,1,2,0,1,2,1,1,2,infracciones_2024,otras
2024,6161,Exhibición de documentación (no exhibir ced verde vigente a nombre del tit  o ced azul de conductor),5079,675,528,418,476,571,575,346,255,335,322,306,272,infracciones_2024,documentacion
2024,6162,"Exceso de Velocidad + de 140 Km/h (taxis, pasajeros, escolares o remises)",14,1,0,1,0,5,0,2,0,2,0,1,2,infracciones_2024,otras
2024,6163,"Exceso de Velocidad mas de 20Km/h en Calle o Avenida (taxis, pasajeros, escolares, remises)",1,0,0,0,0,0,0,0,0,0,0,0,1,infracciones_2024,otras
2024,6165,Trans de sustancias peligrosas (no exhibir corresp insc en Reg de Transportistas segun norm vigente),2,0,0,1,0,0,0,0,0,1,0,0,0,infracciones_2024,otras
2024,6166,Vehiculo Transporte de sustancias alimenticias sin habilitaciòn,4,1,0,0,0,1,0,0,0,1,1,0,0,infracciones_2024,otras
2024,6167,"Obstruccion de via (en carriles exclusivos y/o, metrobus y premetro)",1078,41,79,65,65,168,100,163,105,110,80,65,37,infracciones_2024,otras
2024,6168,"Titular o responsable vehiculo transporte de escolares que dañe, altere o retire disp de alcoholemia",4,0,1,0,0,2,1,0,0,0,0,0,0,infracciones_2024,alcohol
2024,6169,"Conductor que dañe, altere o retire dispositivo",14,1,1,3,2,1,1,1,1,0,2,1,0,infracciones_2024,otras
2024,6171,Obstruir LUGAR RESERVADO Vehíc. Persona discapac./RAMPA discapac.,1096,23,56,54,58,115,86,81,102,149,116,113,143,infracciones_2024,otras
2024,6172,Obstruccion de circulacion al transito,121,4,7,7,7,24,11,7,14,17,9,2,12,infracciones_2024,otras
2024,6180,No exhibir documentacion sobre transporte de sustancias peligrosas,27,1,3,0,0,6,4,1,2,2,2,2,4,infracciones_2024,otras
2024,6181,Conductor vehiculo con taximetro que se negara sin justificacion a transportar pasajero,5,0,0,0,1,0,1,1,0,1,0,0,1,infracciones_2024,otras
2024,6182,Cond vehiculo con taximetro que se negara a interrumpir func del mecanismo y/o disp de publicidad,2,0,0,0,0,1,0,0,0,1,0,0,0,infracciones_2024,otras
2024,6183,Cond vehiculo con taximetro que no porte ficha identif del titular de la licencia o la del conductor,2,0,1,0,1,0,0,0,0,0,0,0,0,infracciones_2024,otras
2024,6184,Titular vehiculo de carga exceda peso maximo por eje,1,0,0,0,0,0,0,0,0,1,0,0,0,infracciones_2024,otras
2024,6185,Carga y descarga (propietario y/o responsable del comercio),54,8,5,4,2,11,5,6,5,4,1,2,1,infracciones_2024,otras
2024,6186,"Violacion de semaforo (taxis, escolares , pasajeros, remises. Prestando servicio)",4410,563,1118,409,610,309,208,266,232,178,194,149,174,infracciones_2024,otras
2024,6187,"Negativa de someterse a control (taxis, escolares , pasajeros, remises. Prestando servicio)",8,1,1,1,0,1,0,2,0,2,0,0,0,infracciones_2024,alcohol
2024,6190,Falta poliza seguro contra terceros,5560,623,471,370,394,446,526,391,375,471,548,463,482,infracciones_2024,otras
2024,6191,Falta poliza seguro contra terceros (no cuente),2333,244,210,138,156,218,226,197,183,190,209,173,189,infracciones_2024,otras
2024,6200,Placas dominio. Falta/antirreglamentarias/mal estado,22231,1763,1474,1246,1457,2032,2095,1898,1945,2520,2177,1816,1808,infracciones_2024,otras
2024,6220,Circular con Placas de OTRO dominio.,12,2,1,0,2,2,1,1,0,1,1,1,0,infracciones_2024,otras
2024,6230,Circular con equipo Antiradar o Antifoto,131,19,8,7,7,6,12,11,13,24,10,9,5,infracciones_2024,otras
2024,6240,Revision tecnica No porte certificado,651,103,25,17,28,105,161,49,19,47,26,16,55,infracciones_2024,otras
2024,6241,Revision tecnica (no realizarla o certificado vencido),4957,585,207,96,272,690,1086,508,172,313,285,250,493,infracciones_2024,otras
2024,6242,Incumplimiento grabado de autopartes (Titular/Tomador),10,0,0,0,0,0,3,0,1,4,0,1,1,infracciones_2024,otras
2024,6243,Incumplimiento grabado de autopartes (Gestor /Mandat /Concesionaria /Intermediario ),2,0,0,0,0,0,1,0,1,0,0,0,0,infracciones_2024,otras
2024,6250,Frenos/Luces/elementos seguridad Falta o Deficientes,721,70,66,41,66,78,55,53,74,52,69,60,37,infracciones_2024,otras
2024,6270,No uso cinturon de seguridad,60121,5709,9833,5840,5120,2551,2239,2920,2712,4214,6513,7727,4743,infracciones_2024,otras
2024,6271,Menores de edad en asiento trasero SIN dispositivo retencion infantil o SIN acompañante mayor,8,0,0,0,0,2,3,0,0,1,0,0,2,infracciones_2024,otras
2024,6272,Sistemas o dispositivos de retencion infantil,181,18,13,16,14,13,17,22,15,26,11,9,7,infracciones_2024,otras
2024,6280,"Limitador de velocidad, Falta / Funciona incorrectamente",2,1,0,0,0,0,0,0,0,0,0,1,0,infracciones_2024,otras
2024,6290,"Dispositivo control gases, Falta /Mal funcionamiento",128,100,5,1,0,1,4,1,0,3,0,1,12,infracciones_2024,otras
2024,6310,Verter liquido combustible o aguas servidas,5,1,0,0,2,0,0,1,1,0,0,0,0,infracciones_2024,otras
2024,6330,Dispositivo de control de ruido y silenciador Falta /Mal funcionamiento,1060,0,30,61,1,289,146,197,55,101,111,67,2,infracciones_2024,otras
2024,6350,Uso indebido e bocina,294,14,21,18,29,31,31,13,17,26,33,28,33,infracciones_2024,otras
2024,6370,Colocacion Bocinas o sirenas antirreglamentarias,163,19,5,15,0,54,25,15,3,4,15,5,3,infracciones_2024,otras
2024,6390,Uso Paragolpe antirreglamentario,16,2,1,3,0,0,2,0,1,1,3,0,3,infracciones_2024,otras
2024,6410,Falta Paragolpe,64,15,9,4,3,5,2,5,5,7,4,4,1,infracciones_2024,otras
2024,6430,Uso de Vidrios tonalizados antirreglamentarios,168,9,10,17,8,19,18,14,9,12,19,8,25,infracciones_2024,otras
2024,6450,"Falta/sin vision, Espejos Retrovisores",2440,295,202,162,169,153,218,205,195,224,232,233,152,infracciones_2024,otras
2024,6470,Falta Tapa Combustible,7,0,0,2,1,0,0,1,1,0,0,1,1,infracciones_2024,otras
2024,6490,Conducir utilizando Celular / Auriculares / Reproductor de video,31884,3526,2912,3006,2940,2527,2204,2314,2327,2755,3256,2169,1948,infracciones_2024,otras
2024,6492,Conductor redactando/enviando mensaje de texto,7019,862,697,776,798,534,439,492,503,530,645,366,377,infracciones_2024,otras
2024,6501,Permitir Viajar personas impedidas en asiento delantero,2978,364,240,296,213,216,194,177,177,312,368,225,196,infracciones_2024,velocidad
2024,6510,Exceso de Velocidad,1,0,1,0,0,0,0,0,0,0,0,0,0,infracciones_2024,velocidad
2024,6520,,2,0,0,0,0,0,1,0,0,0,0,0,1,infracciones_2024,velocidad
2024,6525,Exceso Velocidad hasta 10Km/h de la Máxima permitida para el tipo de arteria,2735,175,234,211,425,436,367,331,299,204,41,4,8,infracciones_2024,velocidad
2024,6526,Exceso Velocidad más de 10Km/h y hasta 20Km/h de la Máxima permitida para el tipo de arteria,3,1,1,0,0,1,0,0,0,0,0,0,0,infracciones_2024,velocidad
2024,6527,Exceso Velocidad hasta 20Km/h de la Máxima permitida en vías rápidas,8875,666,810,700,1534,1686,1169,1049,513,327,284,99,38,infracciones_2024,velocidad
2024,6528,Exceso Velocidad más de 20Km/h y hasta 40Km/h de la Máxima permitida en vías rápidas,7229,913,876,522,1171,1254,563,449,365,399,403,234,80,infracciones_2024,velocidad
2024,6529,Exceso Velocidad más 20Km de la Máxima permitida para el tipo de arteria y hasta 140 km/h,1,0,0,0,1,0,0,0,0,0,0,0,0,infracciones_2024,velocidad
2024,6531,Exceso Velocidad más de 140Km/h,2277,197,112,111,226,322,182,229,171,166,204,147,210,infracciones_2024,velocidad
2024,6534,Exceso de velocidad de 0 a 10% ms de la velocidad permitida,864506,39,33773,38106,90279,118643,79569,72870,56940,103678,103772,72276,94561,infracciones_2024,velocidad
2024,6535,Exceso de velocidad de 10% a 30% ms de la velocidad permitida,1027000,84302,66727,45452,100243,125944,83917,78010,59805,105096,105018,73930,98556,infracciones_2024,velocidad
2024,6536,Exceso de velocidad de 30% mas de la velocidad permitida hasta 140Km/h  (Particulares),114070,10786,7606,5439,10996,13965,8570,8538,6313,9289,11108,8331,13129,infracciones_2024,velocidad
2024,6537,Exceso de velocidad de 30% mas de la velocidad permitida hasta 140Km/h  (Tte.Pasajeros),3362,405,267,185,428,425,191,181,143,234,232,219,452,infracciones_2024,velocidad
2024,6540,Circulación en sentido contrario,2223,139,161,148,170,159,169,189,234,231,248,154,221,infracciones_2024,velocidad
2024,6541,Asignar viaje a Repartidor/Mensajero no habilitado/vehíc no habilitado/habilitación no vigente,2,0,0,0,0,2,0,0,0,0,0,0,0,infracciones_2024,velocidad
2024,6547,No proveer seguros a mensajeros/repartidores s/Cap.13.6 Cód Tránsito y Transito,3,0,0,0,0,0,0,2,0,0,0,0,1,infracciones_2024,velocidad
2024,6548,Realizar servicio mensajería/reparto a domicilio con vehículo no autorizado y/o con acompañantes,2,0,0,0,0,0,0,1,0,1,0,0,0,infracciones_2024,velocidad
2024,6549,No utilizar la identificación con número de habilitación/indumentaria con bandas reflectivas,13,0,0,4,1,0,1,0,1,6,0,0,0,infracciones_2024,velocidad
2024,6551,Servicio mensajería/reparto en ciclorodado sin hab/ hab vencida/ excede límite del objeto de aquella,2,1,0,0,0,0,0,0,0,0,0,1,0,infracciones_2024,velocidad
2024,6552,Servicio mensajería/reparto en Motovehiculo sin hab /hab vencida /excede límite del objeto,274,17,11,10,19,12,4,83,45,27,13,22,11,infracciones_2024,velocidad
2024,6560,Invasión parcial de vías,99,4,4,6,8,6,11,4,2,17,22,2,13,infracciones_2024,velocidad
2024,6580,No respetar carriles/Maniobras Peligrosas,6557,512,490,476,595,683,536,499,484,661,616,431,574,infracciones_2024,velocidad
2024,6600,Girar a izquierda/derecha en lugar prohibido,6742,503,337,357,440,648,653,606,525,818,694,564,597,infracciones_2024,otras
2024,6620,No respetar paso o cartel PARE en bocacalle,23,0,2,0,2,2,6,1,2,4,2,1,1,infracciones_2024,otras
2024,6640,Marcha atras en forma indebida,209,7,12,16,21,23,18,10,16,25,26,14,21,infracciones_2024,otras
2024,6660,Forzar barrera/evadir pago peaje autopista,1907972,104981,90439,84756,187814,228878,220347,228715,198813,119844,148716,174817,119852,infracciones_2024,peajes
2024,6670,Infrigir normas Transporte Sustancias Peligrosas,7,0,0,0,5,0,1,0,0,0,1,0,0,infracciones_2024,otras
2024,6680,Obstruir vía Transversal/Ciclovía/Vereda/Estac. reservado,6210,476,441,661,655,662,545,568,569,482,424,324,403,infracciones_2024,otras
2024,6700,No ceder Paso a Polic/Bombe/Ambula/Serv.Pub.o Urgen.,60,1,4,0,5,6,9,2,5,14,7,4,3,infracciones_2024,otras
2024,6720,Interrumpir Filas Escolares,8,0,0,0,0,5,2,0,1,0,0,0,0,infracciones_2024,otras
2024,6740,No respetar Senda Peatonal/Paso Peaton,94982,3517,5141,3917,9384,10330,9835,9629,8515,7142,9000,9701,8871,infracciones_2024,otras
2024,6760,Circular por Zona/Carril o c/peso/poten./tamaño Prohibido,158718,1060,468,898,2282,2491,4574,14397,39339,24110,23513,19789,25797,infracciones_2024,carriles
2024,6761,"Carriles o vías prohíbidas (tránsito rápido,diferenciado,metrobus)",184144,12384,24138,1697,41556,7804,20117,25504,20608,13510,5063,4936,6827,infracciones_2024,carriles
2024,6762,"Carriles o vías prohíbidas (ciclovía,contramano en contracarril)",11130,447,747,477,1527,1208,990,1215,1093,956,1020,373,1077,infracciones_2024,otras
2024,6763,Circular por Zona/Carril o c/peso/poten./tamaño Prohibido,22373,986,1939,2370,4043,2555,1603,1747,897,1258,1797,928,2250,infracciones_2024,otras
2024,6780,Prohib.circular según DIA/HORA/CARAC.VEHIC (vehículos),191,9,29,2,26,7,15,36,13,16,15,12,11,infracciones_2024,otras
2024,6781,Prohib.circular según DIA/HORA/CARAC.VEHIC y/u OCUPANTES (moto),15,1,1,1,1,0,1,2,4,1,1,2,0,infracciones_2024,otras
2024,6782,Prohib.circular según DIA/HORA/CARAC.VEHIC y/u OCUPANTES s/norma 5.3.2.i Ley2148 (MOTO),4,1,0,0,0,1,0,0,0,1,0,1,0,infracciones_2024,otras
2024,6800,Nro.ocupantes mayor a capacidad vehiculo,412,99,30,24,13,92,33,10,9,29,30,16,27,infracciones_2024,otras
2024,6820,No respetar lugar asc/desc-acercar a acera/puertas abiertas etc(pasajeros),257,27,3,5,10,32,21,34,44,32,14,16,19,infracciones_2024,otras
2024,6830,Ocupar lugar no destinado para viajar,27,1,4,4,1,4,3,1,1,4,3,0,1,infracciones_2024,otras
2024,6840,No cumplir norma uso radio/reproductor sonido/fumar/trato al pasajero,28,16,0,1,0,1,3,1,1,2,2,1,0,infracciones_2024,otras
2024,6850,No cumplir norma horario/ropa/requisito vehiculo Tte. pasajero,12,4,0,0,1,1,1,1,3,1,0,0,0,infracciones_2024,otras
2024,6862,Conducir sin poseer la licencia,3721,454,375,258,297,353,383,283,293,287,274,216,248,infracciones_2024,otras
2024,6870,No Cumplir Normas s/requisitos Vehículos de Transporte c/habilitación,25,4,0,0,1,1,8,4,0,7,0,0,0,infracciones_2024,otras
2024,6871,Servicio de Taxis Sin Habilitación,25,1,2,2,3,8,2,2,0,3,1,0,1,infracciones_2024,otras
2024,6873,Radio taxi que no este abonado a una estación central o difiera estación abonada,1,0,0,0,0,0,0,0,0,1,0,0,0,infracciones_2024,otras
2024,6875,"Servicio de radio taxi, titular o mandataria que realice promociones o cobre tarifa no autorizada",1,0,0,0,0,0,0,0,1,0,0,0,0,infracciones_2024,otras
2024,6877,No Cumplir Normas/requisitos Vehículos de Transporte sin habilitación,9,4,1,0,0,0,0,1,1,1,0,0,1,infracciones_2024,otras
2024,6878,Requisitos de los vehiculos de transporte de carga,41,12,4,5,1,6,0,1,2,0,6,2,2,infracciones_2024,otras
2024,6879,Requisitos de los vehiculos de transporte de carga sin habilitacion,144,19,16,11,17,35,10,3,4,9,4,7,9,infracciones_2024,otras
2024,6880,No cumplir norma  Peso/dimen/permisos/carga descubierta/seguro(carga),25,2,3,3,3,5,3,1,1,1,2,0,1,infracciones_2024,otras
2024,6881,"Transporte de carga (transp.Explosivos, inflamables, animales, etc.)",4,1,0,0,0,0,1,0,0,0,1,1,0,infracciones_2024,otras
2024,6882,Prestacion servicio publico Taxis c/licencia taxi vencida (dentro 360 vencida),37,3,4,4,5,5,2,0,4,3,3,0,4,infracciones_2024,otras
2024,6883,Prestacion servicio publico Taxis c/licencia vencida (mas de 360 vencida),18,4,3,1,2,0,2,0,0,1,1,2,2,infracciones_2024,otras
2024,6890,Carga y descarga fuera de hora/lugar prohibido,293,16,18,12,19,63,28,22,30,39,21,10,15,infracciones_2024,otras
2024,6900,Estac. lugar prohib./forma indebida/antirreglamentaria,186251,11265,9904,12289,17066,18560,16855,17570,16868,20017,17487,11776,16594,infracciones_2024,estacionamiento
2024,6907,Estacionar en doble fila,17856,828,968,1050,1457,1793,1580,1906,1879,1803,1629,1244,1719,infracciones_2024,estacionamiento
2024,6910,Estac. LUGAR RESERVADO (paradas/garage/ciclovias/carril exclusivo/Micro-Macrocentro/otros),118006,6958,7499,7575,11221,11338,10167,10335,9334,12354,12159,7707,11359,infracciones_2024,estacionamiento
2024,6911,Estacionar en LUGAR RESERVADO Vehíc. Persona discapac./RAMPA discapac.,13096,521,604,763,1484,1511,1002,1297,1332,1366,1388,591,1237,infracciones_2024,estacionamiento
2024,6920,Estac. lugar sin ticket/hora vencida,2099,0,1,0,2,169,479,1134,42,120,132,3,17,infracciones_2024,estacionamiento
2024,6935,Estacionamiento en areas peatonales,36568,2060,2016,2359,3721,4203,2733,3547,3135,3547,3683,2008,3556,infracciones_2024,estacionamiento
2024,6950,Enseñar conduccion en lugar no autorizado,10,0,0,0,1,1,3,0,0,1,4,0,0,infracciones_2024,estacionamiento
2024,6960,Enseñar conduccion (por Academia) en lugar no autorizado,11,2,0,0,1,1,2,3,0,0,0,1,1,infracciones_2024,estacionamiento
2024,6970,Peaton: No respetar lugar cruce calles/aven./semaforos,90,4,7,13,12,10,6,4,8,13,5,2,6,infracciones_2024,estacionamiento
2024,6980,No respetar indicaciones Autoridad dirige Transito,10543,728,723,828,726,996,879,873,830,986,1166,817,991,infracciones_2024,estacionamiento
2024,7000,Circular sin utilizar Casco-conductor/acompañante(Moto/Ciclom./Motoneta),1,0,0,0,0,0,0,0,0,0,0,0,1,infracciones_2024,alcohol_otros
2024,7001,Infraccion regimen motovehiculos,5615,746,620,534,449,395,356,275,359,447,544,473,417,infracciones_2024,alcohol_otros
2024,7002,Circular con acompañante que no usa el  CHALECO reflectante obligatorio (MOTO),453,47,33,41,44,63,41,24,29,31,42,30,28,infracciones_2024,alcohol_otros
2024,7010,Circular sin utilizar Antiparras (Moto/Ciclomotor/motoneta),30,1,6,3,1,3,3,3,3,2,4,0,1,infracciones_2024,alcohol_otros
2024,7021,(Ciclorodado) Regimen ciclorodados y dipositivos de movilidad personal,23,2,1,1,2,1,3,2,0,7,2,0,2,infracciones_2024,alcohol_otros
2024,7030,Incumplir Normas Tte.Privado pasajeros/Alquiler auto s/chofer,1,0,1,0,0,0,0,0,0,0,0,0,0,infracciones_2024,alcohol_otros
2024,7045,Obstruccion de estacionamiento y/o circulacion,895,102,92,43,58,111,74,61,81,67,90,57,59,infracciones_2024,alcohol_otros
2024,7050,Violar Luz Roja,102682,4636,6366,5996,10808,11160,9004,10340,8251,8287,9394,10131,8309,infracciones_2024,alcohol_otros
2024,7062,Negarse a someterse al control de alcoholemia/estupefac/otra sustancia similar (conductor/acompaña),364,38,34,28,29,32,27,36,25,23,24,31,37,infracciones_2024,alcohol
2024,7063,Contribución a conducción peligrosa.,143,18,25,16,13,11,8,4,4,8,14,5,17,infracciones_2024,alcohol_otros
2024,7064,Utilizar en infraccion cartel/credencial/documento sobre franquicia transito/estacionamiento,5642,298,327,385,388,629,409,589,573,613,572,401,458,infracciones_2024,alcohol_otros
2024,7065,Uso indebido de luces,53,4,4,2,3,4,1,5,5,4,9,6,6,infracciones_2024,alcohol_otros
2024,7066,Utilizacion de luces prohibidas,40,7,2,2,1,7,1,4,2,6,3,1,4,infracciones_2024,alcohol_otros
2024,7462,Conducir con nivel alcohol mayor 0.5 y menor 1 gr/Lt/sangre (vehículo),2975,317,184,218,323,235,226,245,195,222,226,213,371,infracciones_2024,alcohol
2024,7463,Conducir con nivel alcohol mayor 0.2 y menor 1 gr/Lt/sangre (Moto),326,52,36,15,43,27,11,20,14,15,30,16,47,infracciones_2024,alcohol
2024,7464,Conducir con nivel alcohol mayor 0.0 y menor 1 gr/Lt/sangre (Tte Pasajeros/Carga/principiante),224,25,19,24,24,20,17,11,13,17,20,11,23,infracciones_2024,alcohol
2024,7465,Prestar servicio enseñanza de conducción de vehículos sin habilitación,2,0,1,0,0,0,0,0,0,0,1,0,0,infracciones_2024,alcohol
2024,7467,Afectar calzada sin autorizacion c/evento/obra q no implica apertura/rotura,8,1,0,1,1,1,1,1,1,1,0,0,0,infracciones_2024,alcohol_otros
2024,7468,Afectar calzada c/evento/obra q no implica apertura/rotura (excede autorizacion),10,1,1,0,1,0,2,1,1,2,1,0,0,infracciones_2024,alcohol_otros
2024,7469,Afectar calzada c/evento/obra (incumple manual señalizacion vial transitoria),8,0,0,1,1,0,0,1,4,0,0,0,1,infracciones_2024,alcohol_otros
2024,8080,Abandonar vehiculo en la via publica,1,0,0,0,0,0,0,0,0,1,0,0,0,infracciones_2024,otras
2024,8880,Incumplimiento de identificacion de conductor,4737,550,430,266,521,542,324,294,325,337,356,376,416,infracciones_2024,otras
2024,8884,Señalizacion de obras,15,0,3,1,5,1,0,1,2,1,1,0,0,infracciones_2024,otras
2024,8885,"Paradas, otras señales y simbolos",299,9,6,6,39,24,27,12,34,49,37,38,18,infracciones_2024,otras
2024,8910,Violación de Barreras Ferroviarias - Particular,244,19,7,5,14,15,5,6,47,30,22,25,49,infracciones_2024,otras
2024,8911,Violación de Barreras Ferroviarias - Transporte,6,0,0,0,0,1,0,1,1,0,0,3,0,infracciones_2024,otras
2024,8914,Empresa de radio taxi sin habilitación,1,0,0,0,0,0,0,0,0,1,0,0,0,infracciones_2024,otras
2024,8918,Habilitación de empresa de radio taxi vencida (más de 360 días),1,1,0,0,0,0,0,0,0,0,0,0,0,infracciones_2024,otras
2024,8919,Asignación de viajes de radio taxi sin autorización,1,0,0,0,0,0,0,0,0,0,0,0,1,infracciones_2024,otras
2024,8924,Incumplimiento a la autorización para funcionar como radio taxi,1,0,0,1,0,0,0,0,0,0,0,0,0,infracciones_2024,otras
2024,8926,Nomina de abonados (prestar servicio con menor cantidad de abonados),2,0,0,1,0,1,0,0,0,0,0,0,0,infracciones_2024,otras
2024,8938,Equipo no homologado (titular y/o responsable abonado a una empresa),1,0,0,0,0,0,0,0,0,1,0,0,0,infracciones_2024,otras
2024,8939,Equipo no homologado (quien preste servicios sin haber verificado y/o registrado ante la Autoridad,2,1,0,0,0,0,0,0,0,1,0,0,0,infracciones_2024,otras
2024,8942,"Taxi , transp escolar, remise, vehic fantasia , otro sin autorizacion",207,33,12,5,11,11,3,10,8,34,42,19,19,infracciones_2024,otras
2024,8943,Vehic transporte pasajeros no cumple con VTV,124,17,11,8,8,6,7,7,7,10,19,9,15,infracciones_2024,otras
2024,8944,Vehic transporte pasajeros en infraccion,40,9,2,1,2,1,2,0,1,4,7,6,5,infracciones_2024,otras
2025,1111,Expediente Infraccion de Transito,9486,1633,1831,1046,2143,1148,218,205,179,184,529,167,203,infracciones_2025,otras
2025,1149,Otras infracciones de transito,25,1,3,7,4,0,6,2,0,0,0,0,2,infracciones_2025,otras
2025,6100,Conducir sin portar la licencia,4744,415,373,411,367,283,335,481,380,488,470,327,414,infracciones_2025,documentacion
2025,6105,Falta de licencia o documentación o inhabilitado (transporte público),27,1,0,1,2,2,3,2,4,1,1,4,6,infracciones_2025,otras
2025,6110,Permitir conducir sin Licencia o Inhabilitado (titular/transporte),10,1,0,0,0,0,0,1,1,0,3,3,1,infracciones_2025,otras
2025,6120,Conducir con Licencia Vencida o Caduca,3957,597,394,378,321,241,278,306,264,331,339,226,282,infracciones_2025,documentacion
2025,6121,"Permitir conducir con licencia o documentación vencida (titular, mandataria o responsable)",42,5,2,6,3,6,2,7,4,4,2,0,1,infracciones_2025,otras
2025,6122,Licencia o documentación habilitante vencida (transporte público),62,8,5,3,1,6,4,10,4,6,0,9,6,infracciones_2025,otras
2025,6130,Conducir sin anteojos o lentes contacto segun Licencia,126,22,11,17,14,6,4,15,5,11,10,6,5,infracciones_2025,otras
2025,6140,Conducir c/licencia conductor No Correspondiente,1683,123,143,103,127,113,173,155,135,151,198,141,121,infracciones_2025,otras
2025,6150,Permitir Conducir c/licencia conductor No Correspondiente(titular/transporte),54,2,4,7,3,2,4,6,5,3,6,2,10,infracciones_2025,otras
2025,6160,Permitir o Facilitar manejo persona sin edad s/tipo vehiculo,19,1,2,1,0,0,0,5,0,4,2,2,2,infracciones_2025,otras
2025,6161,Exhibición de documentación (no exhibir ced verde vigente a nombre del tit  o ced azul de conductor),4138,345,315,319,313,248,268,385,339,466,459,331,350,infracciones_2025,documentacion
2025,6162,"Exceso de Velocidad + de 140 Km/h (taxis, pasajeros, escolares o remises)",384,10,74,104,40,18,16,22,17,13,29,25,16,infracciones_2025,otras
2025,6163,"Exceso de Velocidad mas de 20Km/h en Calle o Avenida (taxis, pasajeros, escolares, remises)",24,0,0,0,0,0,1,3,2,0,6,2,10,infracciones_2025,otras
2025,6165,Trans de sustancias peligrosas (no exhibir corresp insc en Reg de Transportistas segun norm vigente),4,2,0,0,0,0,1,0,0,1,0,0,0,infracciones_2025,otras
2025,6166,Vehiculo Transporte de sustancias alimenticias sin habilitaciòn,2,0,0,1,0,0,0,0,0,0,1,0,0,infracciones_2025,otras
2025,6167,"Obstruccion de via (en carriles exclusivos y/o, metrobus y premetro)",786,45,48,40,50,23,22,103,54,85,98,124,94,infracciones_2025,otras
2025,6168,"Titular o responsable vehiculo transporte de escolares que dañe, altere o retire disp de alcoholemia",2,0,0,0,0,0,0,0,0,1,0,0,1,infracciones_2025,alcohol
2025,6169,"Conductor que dañe, altere o retire dispositivo",17,0,0,1,3,1,0,2,1,1,5,3,0,infracciones_2025,otras
2025,6171,Obstruir LUGAR RESERVADO Vehíc. Persona discapac./RAMPA discapac.,1424,100,91,85,128,102,134,136,120,127,133,149,119,infracciones_2025,otras
2025,6172,Obstruccion de circulacion al transito,165,19,4,5,14,5,11,11,9,18,15,27,27,infracciones_2025,otras
2025,6180,No exhibir documentacion sobre transporte de sustancias peligrosas,29,2,2,2,4,1,0,2,4,1,1,4,6,infracciones_2025,otras
2025,6181,Conductor vehiculo con taximetro que se negara sin justificacion a transportar pasajero,3,0,1,1,0,0,0,0,0,0,1,0,0,infracciones_2025,otras
2025,6183,Cond vehiculo con taximetro que no porte ficha identif del titular de la licencia o la del conductor,2,0,0,0,1,0,0,1,0,0,0,0,0,infracciones_2025,otras
2025,6184,Titular vehiculo de carga exceda peso maximo por eje,2,0,0,0,0,1,0,1,0,0,0,0,0,infracciones_2025,otras
2025,6185,Carga y descarga (propietario y/o responsable del comercio),71,1,2,6,4,3,14,9,8,9,7,3,5,infracciones_2025,otras
2025,6186,"Violacion de semaforo (taxis, escolares , pasajeros, remises. Prestando servicio)",1767,95,114,160,279,107,156,201,85,228,118,86,138,infracciones_2025,otras
2025,6187,"Negativa de someterse a control (taxis, escolares , pasajeros, remises. Prestando servicio)",16,1,2,0,3,1,1,1,0,1,1,2,3,infracciones_2025,alcohol
2025,6190,Falta poliza seguro contra terceros,5763,511,427,407,414,372,412,526,479,687,637,444,447,infracciones_2025,otras
2025,6191,Falta poliza seguro contra terceros (no cuente),2794,227,185,188,203,188,190,250,207,279,357,262,258,infracciones_2025,otras
2025,6200,Placas dominio. Falta/antirreglamentarias/mal estado,33371,1922,1730,2166,1943,1975,2855,3423,3217,4252,3929,2908,3051,infracciones_2025,otras
2025,6220,Circular con Placas de OTRO dominio.,59,3,11,4,4,3,6,2,3,6,7,10,0,infracciones_2025,otras
2025,6230,Circular con equipo Antiradar o Antifoto,283,16,11,12,11,16,32,28,46,51,26,14,20,infracciones_2025,otras
2025,6240,Revision tecnica No porte certificado,349,48,48,52,45,16,29,47,29,12,13,1,9,infracciones_2025,otras
2025,6241,Revision tecnica (no realizarla o certificado vencido),2049,308,317,374,227,60,186,246,86,138,47,21,39,infracciones_2025,otras
2025,6242,Incumplimiento grabado de autopartes (Titular/Tomador),15,1,1,2,1,1,1,4,0,3,0,0,1,infracciones_2025,otras
2025,6250,Frenos/Luces/elementos seguridad Falta o Deficientes,540,42,53,38,40,47,54,41,48,47,42,37,51,infracciones_2025,otras
2025,6270,No uso cinturon de seguridad,48930,4444,6039,5962,4200,3328,1510,1678,1717,3843,5507,5181,5521,infracciones_2025,otras
2025,6271,Menores de edad en asiento trasero SIN dispositivo retencion infantil o SIN acompañante mayor,11,2,0,2,1,1,0,0,1,0,0,0,4,infracciones_2025,otras
2025,6272,Sistemas o dispositivos de retencion infantil,97,11,8,11,5,2,10,2,8,8,8,11,13,infracciones_2025,otras
2025,6280,"Limitador de velocidad, Falta / Funciona incorrectamente",7,0,0,0,1,0,3,2,1,0,0,0,0,infracciones_2025,otras
2025,6290,"Dispositivo control gases, Falta /Mal funcionamiento",8,0,0,0,1,0,0,1,2,0,1,0,3,infracciones_2025,otras
2025,6310,Verter liquido combustible o aguas servidas,3,0,0,0,0,0,0,2,0,0,0,1,0,infracciones_2025,otras
2025,6330,Dispositivo de control de ruido y silenciador Falta /Mal funcionamiento,438,32,85,190,109,3,6,2,2,3,2,1,3,infracciones_2025,otras
2025,6350,Uso indebido e bocina,389,8,14,31,29,16,24,36,75,39,47,39,31,infracciones_2025,otras
2025,6370,Colocacion Bocinas o sirenas antirreglamentarias,45,3,6,14,15,0,1,0,0,1,3,1,1,infracciones_2025,otras
2025,6390,Uso Paragolpe antirreglamentario,17,1,0,0,3,1,1,2,1,3,3,0,2,infracciones_2025,otras
2025,6410,Falta Paragolpe,35,3,6,4,1,4,1,2,0,6,1,4,3,infracciones_2025,otras
2025,6430,Uso de Vidrios tonalizados antirreglamentarios,144,16,9,5,14,12,13,7,9,11,12,13,23,infracciones_2025,otras
2025,6450,"Falta/sin vision, Espejos Retrovisores",3012,244,230,219,178,174,304,312,303,366,278,197,207,infracciones_2025,otras
2025,6470,Falta Tapa Combustible,13,0,1,2,0,1,2,2,0,1,0,2,2,infracciones_2025,otras
2025,6490,Conducir utilizando Celular / Auriculares / Reproductor de video,27814,2135,1676,1997,1642,1440,2118,2654,2175,3072,3716,2539,2650,infracciones_2025,otras
2025,6492,Conductor redactando/enviando mensaje de texto,4773,373,337,353,285,238,329,430,441,592,570,427,398,infracciones_2025,otras
2025,6501,Permitir Viajar personas impedidas en asiento delantero,1999,174,132,138,104,101,148,191,160,235,261,184,171,infracciones_2025,velocidad
2025,6510,Exceso de Velocidad,1,0,0,0,0,0,0,0,0,0,0,0,1,infracciones_2025,velocidad
2025,6519,No respetar limites de velocidad minimos,1,0,0,0,0,0,0,0,0,0,0,0,1,infracciones_2025,velocidad
2025,6520,Exceso de Velocidad,1,1,0,0,0,0,0,0,0,0,0,0,0,infracciones_2025,velocidad
2025,6525,Exceso Velocidad hasta 10Km/h de la Máxima permitida para el tipo de arteria,180,39,59,34,22,12,6,1,1,3,1,2,0,infracciones_2025,velocidad
2025,6526,Exceso Velocidad más de 10Km/h y hasta 20Km/h de la Máxima permitida para el tipo de arteria,2,0,0,2,0,0,0,0,0,0,0,0,0,infracciones_2025,velocidad
2025,6527,Exceso Velocidad hasta 20Km/h de la Máxima permitida en vías rápidas,2542,424,588,431,452,286,207,110,13,15,13,3,0,infracciones_2025,velocidad
2025,6528,Exceso Velocidad más de 20Km/h y hasta 40Km/h de la Máxima permitida en vías rápidas,1586,354,390,237,268,168,96,50,6,10,5,2,0,infracciones_2025,velocidad
2025,6530,Exceso Velocidad más de 40Km/h de la Máxima permitida en vías rápidas y hasta 140 km/h,5,1,1,0,1,0,0,1,0,1,0,0,0,infracciones_2025,velocidad
2025,6531,Exceso Velocidad más de 140Km/h,2300,183,393,432,277,179,118,72,94,119,189,147,97,infracciones_2025,velocidad
2025,6534,Exceso de velocidad de 0 a 10% mas de la velocidad permitida,1268557,67366,129567,124949,142085,119458,86416,82349,92849,97745,141953,109479,74341,infracciones_2025,velocidad
2025,6535,Exceso de velocidad de 10% a 30% ms de la velocidad permitida,1255666,72008,128608,109328,128918,119751,86963,86623,95273,100827,141517,110553,75297,infracciones_2025,velocidad
2025,6536,Exceso de velocidad de 30% mas de la velocidad permitida hasta 140Km/h  (Particulares),114536,8054,11611,8811,10832,10079,7295,7422,8708,9629,13824,10890,7381,infracciones_2025,velocidad
2025,6537,Exceso de velocidad de 30% mas de la velocidad permitida hasta 140Km/h  (Tte.Pasajeros),28835,582,2584,2459,3033,2554,1988,2150,2393,2474,3481,3066,2071,infracciones_2025,velocidad
2025,6540,Circulación en sentido contrario,2584,175,123,165,189,177,170,229,255,319,263,246,273,infracciones_2025,velocidad
2025,6542,Asignar viaje a Repartidor/Mensajero con habilitac.vencida/habilitac.vehíc. vencida,1,0,0,0,1,0,0,0,0,0,0,0,0,infracciones_2025,velocidad
2025,6547,No proveer seguros a mensajeros/repartidores s/Cap.13.6 Cód Tránsito y Transito,2,1,1,0,0,0,0,0,0,0,0,0,0,infracciones_2025,velocidad
2025,6552,Servicio mensajería/reparto en Motovehiculo sin hab /hab vencida /excede límite del objeto,34,25,5,4,0,0,0,0,0,0,0,0,0,infracciones_2025,velocidad
2025,6560,Invasión parcial de vías,115,5,7,5,16,7,8,9,9,14,5,6,24,infracciones_2025,velocidad
2025,6580,No respetar carriles/Maniobras Peligrosas,7088,428,401,592,487,452,495,636,575,817,895,640,670,infracciones_2025,velocidad
2025,6600,Girar a izquierda/derecha en lugar prohibido,7869,349,321,514,511,454,608,695,609,1038,986,868,916,infracciones_2025,otras
2025,6620,No respetar paso o cartel PARE en bocacalle,43,1,4,3,4,7,5,5,2,6,2,3,1,infracciones_2025,otras
2025,6640,Marcha atras en forma indebida,276,16,14,22,29,10,21,22,25,34,24,26,33,infracciones_2025,otras
2025,6660,Forzar barrera/evadir pago peaje autopista,1750457,199723,139309,73814,160265,111661,155540,189555,324576,120882,97756,95747,81629,infracciones_2025,peajes
2025,6680,Obstruir vía Transversal/Ciclovía/Vereda/Estac. reservado,7072,423,604,524,550,443,528,732,606,826,733,558,545,infracciones_2025,otras
2025,6700,No ceder Paso a Polic/Bombe/Ambula/Serv.Pub.o Urgen.,47,0,4,6,2,3,3,8,5,9,2,4,1,infracciones_2025,otras
2025,6720,Interrumpir Filas Escolares,12,0,0,1,2,3,1,3,0,0,0,1,1,infracciones_2025,otras
2025,6740,No respetar Senda Peatonal/Paso Peaton,99039,4746,8067,8356,9376,7457,8577,6052,2374,15823,10717,10227,7267,infracciones_2025,otras
2025,6760,Circular por Zona/Carril o c/peso/poten./tamaño Prohibido,341742,8417,12993,20343,17889,20071,12536,13054,23874,61811,34693,63684,52377,infracciones_2025,carriles
2025,6761,"Carriles o vías prohíbidas (tránsito rápido,diferenciado,metrobus)",266377,17654,24666,12216,21951,14645,21336,27706,46483,24182,16376,23964,15198,infracciones_2025,carriles
2025,6762,"Carriles o vías prohíbidas (ciclovía,contramano en contracarril)",11376,762,1232,1241,940,804,810,860,617,1435,1082,711,882,infracciones_2025,otras
2025,6763,Circular por Zona/Carril o c/peso/poten./tamaño Prohibido,14868,651,661,971,952,1384,1140,1456,629,2400,821,2256,1547,infracciones_2025,otras
2025,6780,Prohib.circular según DIA/HORA/CARAC.VEHIC (vehículos),134,6,5,7,17,6,9,27,6,16,7,16,12,infracciones_2025,otras
2025,6781,Prohib.circular según DIA/HORA/CARAC.VEHIC y/u OCUPANTES (moto),16,1,2,0,2,2,1,1,1,1,3,1,1,infracciones_2025,otras
2025,6782,Prohib.circular según DIA/HORA/CARAC.VEHIC y/u OCUPANTES s/norma 5.3.2.i Ley2148 (MOTO),4,0,0,0,1,0,0,0,1,1,1,0,0,infracciones_2025,otras
2025,6800,Nro.ocupantes mayor a capacidad vehiculo,233,22,12,18,19,11,13,21,15,26,33,21,22,infracciones_2025,otras
2025,6820,No respetar lugar asc/desc-acercar a acera/puertas abiertas etc(pasajeros),592,102,184,40,124,27,11,18,16,28,14,10,18,infracciones_2025,otras
2025,6830,Ocupar lugar no destinado para viajar,16,0,2,0,1,0,2,3,1,3,1,1,2,infracciones_2025,otras
2025,6840,No cumplir norma uso radio/reproductor sonido/fumar/trato al pasajero,23,2,2,7,5,7,0,0,0,0,0,0,0,infracciones_2025,otras
2025,6850,No cumplir norma horario/ropa/requisito vehiculo Tte. pasajero,14,0,0,0,4,1,3,1,1,2,0,1,1,infracciones_2025,otras
2025,6860,No Cumplir Normas s/requisitos Vehículos Escolares c/habilitación,1,0,0,0,0,0,0,1,0,0,0,0,0,infracciones_2025,otras
2025,6862,Conducir sin poseer la licencia,3132,298,280,221,284,267,277,267,221,271,307,240,199,infracciones_2025,otras
2025,6870,No Cumplir Normas s/requisitos Vehículos de Transporte c/habilitación,22,3,0,0,3,4,3,2,0,1,1,1,4,infracciones_2025,otras
2025,6871,Servicio de Taxis Sin Habilitación,11,3,0,1,2,1,0,1,0,1,0,1,1,infracciones_2025,otras
2025,6875,"Servicio de radio taxi, titular o mandataria que realice promociones o cobre tarifa no autorizada",1,0,0,0,0,0,0,0,0,0,0,0,1,infracciones_2025,otras
2025,6876,No aplicación de la tarifa de taxi vigente,1,0,0,0,0,0,0,0,0,0,0,0,1,infracciones_2025,otras
2025,6877,No Cumplir Normas/requisitos Vehículos de Transporte sin habilitación,13,3,1,0,1,2,0,1,1,2,0,1,1,infracciones_2025,otras
2025,6878,Requisitos de los vehiculos de transporte de carga,6,1,0,1,0,0,0,1,0,2,0,1,0,infracciones_2025,otras
2025,6879,Requisitos de los vehiculos de transporte de carga sin habilitacion,53,9,4,10,11,0,0,1,0,3,10,4,1,infracciones_2025,otras
2025,6880,No cumplir norma  Peso/dimen/permisos/carga descubierta/seguro(carga),19,0,4,0,1,1,1,3,3,3,0,0,3,infracciones_2025,otras
2025,6881,"Transporte de carga (transp.Explosivos, inflamables, animales, etc.)",3,0,0,0,0,0,0,1,0,0,2,0,0,infracciones_2025,otras
2025,6882,Prestacion servicio publico Taxis c/licencia taxi vencida (dentro 360 vencida),24,6,1,5,5,0,1,1,1,0,0,4,0,infracciones_2025,otras
2025,6883,Prestacion servicio publico Taxis c/licencia vencida (mas de 360 vencida),8,1,1,3,1,1,0,0,0,1,0,0,0,infracciones_2025,otras
2025,6890,Carga y descarga fuera de hora/lugar prohibido,589,13,27,45,37,29,39,52,25,39,86,92,105,infracciones_2025,otras
2025,6900,Estac. lugar prohib./forma indebida/antirreglamentaria,249738,12243,19414,22357,18574,12839,19645,26154,19604,29459,24753,17649,27047,infracciones_2025,estacionamiento
2025,6907,Estacionar en doble fila,19680,1055,1447,1474,1354,1167,1631,1815,1415,2090,2491,1803,1938,infracciones_2025,estacionamiento
2025,6910,Estac. LUGAR RESERVADO (paradas/garage/ciclovias/carril exclusivo/Micro-Macrocentro/otros),128465,5529,10242,12432,10249,8283,10532,13618,8933,14605,13505,8765,11772,infracciones_2025,estacionamiento
2025,6911,Estacionar en LUGAR RESERVADO Vehíc. Persona discapac./RAMPA discapac.,12781,328,1216,1093,1320,1276,1085,1252,1010,1332,1601,837,431,infracciones_2025,estacionamiento
2025,6920,Estac. lugar sin ticket/hora vencida,139279,2436,7567,15468,13384,11029,10541,13943,19753,7172,11212,15473,11301,infracciones_2025,estacionamiento
2025,6935,Estacionamiento en areas peatonales,42046,1485,4270,3631,3795,2909,3438,4623,3134,4962,4845,2841,2113,infracciones_2025,estacionamiento
2025,6950,Enseñar conduccion en lugar no autorizado,10,1,0,1,2,0,0,1,0,1,1,1,2,infracciones_2025,estacionamiento
2025,6960,Enseñar conduccion (por Academia) en lugar no autorizado,7,1,0,0,0,0,2,1,0,0,1,0,2,infracciones_2025,estacionamiento
2025,6970,Peaton: No respetar lugar cruce calles/aven./semaforos,179,5,9,20,14,18,13,16,14,36,16,9,9,infracciones_2025,estacionamiento
2025,6980,No respetar indicaciones Autoridad dirige Transito,11723,703,745,856,696,645,861,1130,882,1330,1386,1179,1310,infracciones_2025,estacionamiento
2025,7001,Infraccion regimen motovehiculos,4798,449,358,394,306,234,285,374,346,490,592,447,523,infracciones_2025,alcohol_otros
2025,7002,Circular con acompañante que no usa el  CHALECO reflectante obligatorio (MOTO),210,35,27,32,20,19,6,14,11,18,13,7,8,infracciones_2025,alcohol_otros
2025,7010,Circular sin utilizar Antiparras (Moto/Ciclomotor/motoneta),24,2,3,2,0,1,0,1,3,5,3,2,2,infracciones_2025,alcohol_otros
2025,7021,(Ciclorodado) Regimen ciclorodados y dipositivos de movilidad personal,26,2,1,2,1,0,1,2,0,1,2,2,12,infracciones_2025,alcohol_otros
2025,7022,(Dispositivo movilidad personal) Regimen ciclorodados y dipositivos de movilidad personal,2,0,0,0,1,0,0,0,0,0,0,0,1,infracciones_2025,alcohol_otros
2025,7030,Incumplir Normas Tte.Privado pasajeros/Alquiler auto s/chofer,4,1,0,0,0,1,0,1,1,0,0,0,0,infracciones_2025,alcohol_otros
2025,7045,Obstruccion de estacionamiento y/o circulacion,955,51,57,70,83,79,71,105,63,117,88,74,97,infracciones_2025,alcohol_otros
2025,7050,Violar Luz Roja,97067,5182,7512,8724,8976,7630,7662,6066,5997,15354,11317,6962,5685,infracciones_2025,alcohol_otros
2025,7062,Negarse a someterse al control de alcoholemia/estupefac/otra sustancia similar (conductor/acompaña),286,40,23,27,17,14,32,16,25,31,25,12,24,infracciones_2025,alcohol
2025,7063,Contribución a conducción peligrosa.,172,25,26,12,23,8,7,5,10,11,12,11,22,infracciones_2025,alcohol_otros
2025,7064,Utilizar en infraccion cartel/credencial/documento sobre franquicia transito/estacionamiento,6397,362,634,741,470,327,476,774,406,689,607,443,468,infracciones_2025,alcohol_otros
2025,7065,Uso indebido de luces,50,1,5,5,1,0,3,3,2,3,4,11,12,infracciones_2025,alcohol_otros
2025,7066,Utilizacion de luces prohibidas,39,3,1,4,0,4,2,1,3,1,6,4,10,infracciones_2025,alcohol_otros
2025,7462,Conducir con nivel alcohol mayor 0.5 y menor 1 gr/Lt/sangre (vehículo),2727,338,263,217,179,145,181,253,212,243,236,159,301,infracciones_2025,alcohol
2025,7463,Conducir con nivel alcohol mayor 0.2 y menor 1 gr/Lt/sangre (Moto),293,51,33,31,36,8,3,12,22,21,27,18,31,infracciones_2025,alcohol
2025,7464,Conducir con nivel alcohol mayor 0.0 y menor 1 gr/Lt/sangre (Tte Pasajeros/Carga/principiante),144,19,20,12,8,11,4,12,10,12,5,13,18,infracciones_2025,alcohol
2025,7467,Afectar calzada sin autorizacion c/evento/obra q no implica apertura/rotura,14,1,0,2,0,0,0,0,3,3,4,0,1,infracciones_2025,alcohol_otros
2025,7468,Afectar calzada c/evento/obra q no implica apertura/rotura (excede autorizacion),6,1,0,0,1,0,0,1,0,1,0,0,2,infracciones_2025,alcohol_otros
2025,7469,Afectar calzada c/evento/obra (incumple manual señalizacion vial transitoria),3,0,0,0,0,0,0,0,0,0,0,0,3,infracciones_2025,alcohol_otros
2025,7540,No cumplir Norma de habilitacion tecnica Remise/Escolares/Taxi,1,1,0,0,0,0,0,0,0,0,0,0,0,infracciones_2025,alcohol_otros
2025,8080,Abandonar vehiculo en la via publica,4,0,0,0,1,0,0,1,2,0,0,0,0,infracciones_2025,otras
2025,8880,Incumplimiento de identificacion de conductor,30800,3014,3907,3874,4299,3712,1956,2142,2335,2404,1659,1137,361,infracciones_2025,otras
2025,8884,Señalizacion de obras,10,4,4,0,0,0,1,0,0,0,1,0,0,infracciones_2025,otras
2025,8885,"Paradas, otras señales y simbolos",167,10,5,20,15,10,9,17,10,21,17,22,11,infracciones_2025,otras
2025,8886,Conductores principiantes,10,0,2,1,0,3,0,0,2,1,0,1,0,infracciones_2025,otras
2025,8910,Violación de Barreras Ferroviarias - Particular,478,27,20,17,32,37,63,50,52,55,57,41,27,infracciones_2025,otras
2025,8911,Violación de Barreras Ferroviarias - Transporte,8,1,1,1,0,0,1,0,0,2,0,1,1,infracciones_2025,otras
2025,8916,Habilitación de empresa de radio taxi vencida (mas de 30 y hasta 180 días),2,0,0,1,1,0,0,0,0,0,0,0,0,infracciones_2025,otras
2025,8923,Promociones de radio taxi,1,0,0,0,0,0,0,0,0,0,0,0,1,infracciones_2025,otras
2025,8926,Nomina de abonados (prestar servicio con menor cantidad de abonados),2,0,0,0,0,0,0,0,0,0,0,0,2,infracciones_2025,otras
2025,8942,"Taxi , transp escolar, remise, vehic fantasia , otro sin autorizacion",115,20,15,3,12,10,2,8,14,6,5,10,10,infracciones_2025,otras
2025,8943,Vehic transporte pasajeros no cumple con VTV,122,10,11,14,10,6,7,16,5,13,11,8,11,infracciones_2025,otras
2025,8944,Vehic transporte pasajeros en infraccion,71,7,11,5,8,0,1,15,5,7,4,7,1,infracciones_2025,otras
